model,symmetries,rmsds,target,sym
R1250TS028_1o_simple,,,R1250,c1
R1250TS028_2o_simple,,,R1250,c1
R1250TS028_3o_simple,,,R1250,c1
R1250TS028_4o_simple,,,R1250,c1
R1250TS028_5o_simple,,,R1250,c1
R1250TS052_1o_simple,,,R1250,c1
R1250TS052_2o_simple,,,R1250,c1
R1250TS052_3o_simple,,,R1250,c1
R1250TS052_4o_simple,,,R1250,c1
R1250TS052_5o_simple,,,R1250,c1
R1250TS110_1o_simple,,,R1250,c1
R1250TS110_2o_simple,,,R1250,c1
R1250TS110_3o_simple,,,R1250,c1
R1250TS110_4o_simple,,,R1250,c1
R1250TS110_5o_simple,,,R1250,c1
R1250TS156_1o_simple,,,R1250,c1
R1250TS156_2o_simple,,,R1250,c1
R1250TS156_3o_simple,,,R1250,c1
R1250TS156_4o_simple,,,R1250,c1
R1250TS156_5o_simple,,,R1250,c1
R1250TS167_2o_simple, c6 c3 c2 , 11.777264 11.312026 10.636805,R1250,c1
R1250TS167_4o_simple, c6 c3 c2 , 18.945133 18.858485 18.596416,R1250,c1
R1250TS167_5o_simple, c6 c3 c2 , 22.346033 17.443649 23.494178,R1250,c1
R1250TS183_2o_simple, c3 , 25.852211,R1250,c1
R1250TS183_5o_simple,,,R1250,c1
R1250TS189_1o_simple, c6 c3 c2 , 17.437969 11.966078 19.496909,R1250,c1
R1250TS189_2o_simple, c6 c3 c2 , 21.332132 22.402622 15.299304,R1250,c1
R1250TS189_3o_simple, c6 c3 c2 , 18.802266 18.356863 17.841176,R1250,c1
R1250TS189_5o_simple, c6 c3 c2 , 26.331806 25.974817 21.118192,R1250,c1
R1250TS208_1o_simple,,,R1250,c1
R1250TS208_2o_simple, c6 , 45.692271,R1250,c1
R1250TS208_3o_simple, c6 c3 c2 , 37.272909 30.442052 36.561010,R1250,c1
R1250TS208_4o_simple,,,R1250,c1
R1250TS208_5o_simple,,,R1250,c1
R1250TS241_1o_simple, c6 c3 c2 , 21.438580 21.270532 19.536471,R1250,c1
R1250TS241_2o_simple, c6 c3 c2 , 34.243306 23.976223 37.745279,R1250,c1
R1250TS241_4o_simple, c6 c3 c2 , 30.461098 32.089061 20.901791,R1250,c1
R1250TS241_5o_simple, c6 c3 c2 , 20.454108 18.194286 17.187728,R1250,c1
R1250TS262_2o_simple, c6 c3 c2 , 15.905981 16.232972 12.265404,R1250,c1
R1250TS262_5o_simple, c6 c3 c2 , 15.905981 16.232972 12.265404,R1250,c1
R1250TS286_2o_simple, c6 c3 c2 , 20.616003 21.356202 17.852387,R1250,c1
R1250TS286_3o_simple, c6 c3 c2 , 23.450096 18.681383 26.366311,R1250,c1
R1250TS286_4o_simple, c6 c3 c2 , 22.705340 22.676276 21.888785,R1250,c1
R1250TS286_5o_simple, c6 c3 c2 , 28.202107 29.270931 18.918153,R1250,c1
R1250TS304_1o_simple,,,R1250,c1
R1250TS304_2o_simple, c6 c3 c2 , 21.438580 21.270532 19.536471,R1250,c1
R1250TS304_3o_simple, c6 c3 c2 , 40.634685 39.768485 38.051082,R1250,c1
R1250TS304_4o_simple, c6 c3 c2 , 19.206429 18.605871 17.715614,R1250,c1
R1250TS304_5o_simple, c6 c3 c2 c2 , 33.779441 33.543297 36.067293 31.612245,R1250,c1
R1250TS317_1o_simple, c6 c2 , 48.947607 20.330603,R1250,c1
R1250TS317_2o_simple,,,R1250,c1
R1250TS317_4o_simple, c2 , 20.908275,R1250,c1
R1250TS369_1o_simple,,,R1250,c1
R1250TS369_2o_simple,,,R1250,c1
R1250TS369_3o_simple,,,R1250,c1
R1250TS369_4o_simple,,,R1250,c1
R1250TS369_5o_simple,,,R1250,c1
R1250TS417_1o_simple, c6 , 45.818603,R1250,c1
R1250TS417_2o_simple,,,R1250,c1
R1250TS417_3o_simple,,,R1250,c1
R1250TS417_4o_simple, c6 c3 c2 , 31.540448 29.340593 29.358189,R1250,c1
R1250TS417_5o_simple, c6 c3 c2 , 37.132695 38.653085 24.240206,R1250,c1
R1250TS450_2o_simple, c6 c3 c2 , 11.777264 11.312026 10.636805,R1250,c1
R1250TS450_4o_simple, c6 c3 c2 , 18.945133 18.858485 18.596416,R1250,c1
R1250TS450_5o_simple, c6 c3 c2 , 22.346033 17.443649 23.494178,R1250,c1
R1250TS462_1o_simple,,,R1250,c1
R1250TS462_2o_simple,,,R1250,c1
R1250TS462_3o_simple,,,R1250,c1
R1250TS462_4o_simple,,,R1250,c1
R1250TS462_5o_simple,,,R1250,c1
R1251TS028_2o, c14 c7 c3 c2 , 12.091490 12.431362 22.659219 12.070444,R1251,c1
R1251TS028_3o, c14 c7 c3 c2 , 14.051727 14.381254 27.436433 13.750034,R1251,c1
R1251TS028_4o, c14 c7 c3 c2 , 11.205322 11.431411 25.018647 11.534375,R1251,c1
R1251TS028_5o, c14 c7 c3 c2 , 11.838386 12.053174 27.954311 12.139739,R1251,c1
R1251TS052_1o,,,R1251,c1
R1251TS052_2o,,,R1251,c1
R1251TS052_3o,,,R1251,c1
R1251TS052_4o,,,R1251,c1
R1251TS052_5o,,,R1251,c1
R1251TS110_2o, c14 c7 c3 c2 , 12.656391 12.999501 24.334135 12.309937,R1251,c1
R1251TS110_3o, c14 c7 c3 c2 , 10.710361 10.798176 31.256452 10.189331,R1251,c1
R1251TS110_4o, c14 c7 c3 c2 , 11.655898 11.910073 24.884663 11.633534,R1251,c1
R1251TS110_5o, c14 c7 c3 c2 , 12.053976 12.255673 28.203968 12.227135,R1251,c1
R1251TS183_5o, c3 , 29.138098,R1251,c1
R1251TS241_1o,,,R1251,c1
R1251TS241_2o,,,R1251,c1
R1251TS241_3o,,,R1251,c1
R1251TS241_4o,,,R1251,c1
R1251TS241_5o,,,R1251,c1
R1251TS262_2o, d7 c7 c3 c2 c2 c2 c2 c2 c2 c2 , 20.977305 21.831516 30.943701 10.049795 20.127923 21.936736 24.589291 19.007972 22.949409 19.502963,R1251,c1
R1251TS262_4o, d7 c7 c3 c2 c2 c2 c2 c2 c2 c2 , 20.977305 21.831516 30.943701 10.049795 20.127923 21.936736 24.589291 19.007972 22.949409 19.502963,R1251,c1
R1251TS304_1o,,,R1251,c1
R1251TS304_2o,,,R1251,c1
R1251TS304_3o,,,R1251,c1
R1251TS304_4o,,,R1251,c1
R1251TS304_5o,,,R1251,c1
R1251TS317_1o,,,R1251,c1
R1251TS317_2o, c2 , 28.140983,R1251,c1
R1251TS317_3o, c2 , 38.081229,R1251,c1
R1251TS317_4o,,,R1251,c1
R1251TS317_5o, c2 , 29.556172,R1251,c1
R1251TS417_1o,,,R1251,c1
R1251TS417_2o, c3 c2 , 37.884501 41.849791,R1251,c1
R1251TS417_3o,,,R1251,c1
R1251TS417_5o, c2 , 35.777031,R1251,c1
R1251TS462_1o, c14 c7 c3 c2 , 12.551262 12.750111 29.993470 12.618857,R1251,c1
R1251TS462_2o, c14 c7 c3 c2 , 10.848918 10.757821 30.173678 10.598594,R1251,c1
R1251TS462_3o, c14 c7 c3 c2 , 11.699198 11.701581 31.717160 10.593632,R1251,c1
R1251TS462_4o, c14 c7 c3 c2 , 12.370930 12.627397 27.335823 12.174564,R1251,c1
R1251TS462_5o, c14 c7 c3 c2 , 11.113115 11.193951 32.971671 10.509654,R1251,c1
R1252TS028_1o_simple,,,R1252,c1
R1252TS028_2o_simple,,,R1252,c1
R1252TS028_3o_simple,,,R1252,c1
R1252TS028_4o_simple,,,R1252,c1
R1252TS028_5o_simple,,,R1252,c1
R1252TS033_1o_simple,,,R1252,c1
R1252TS033_2o_simple,,,R1252,c1
R1252TS033_3o_simple, c6 c3 c2 , 37.834667 23.022328 44.382790,R1252,c1
R1252TS033_4o_simple, c6 c3 c2 , 33.302446 26.786130 32.710594,R1252,c1
R1252TS033_5o_simple, c2 , 36.933523,R1252,c1
R1252TS052_3o_simple, c6 c3 c2 , 48.356188 43.825860 47.417674,R1252,c1
R1252TS110_1o_simple,,,R1252,c1
R1252TS110_2o_simple,,,R1252,c1
R1252TS110_3o_simple,,,R1252,c1
R1252TS110_4o_simple,,,R1252,c1
R1252TS110_5o_simple,,,R1252,c1
R1252TS156_1o_simple,,,R1252,c1
R1252TS156_2o_simple,,,R1252,c1
R1252TS156_3o_simple,,,R1252,c1
R1252TS156_4o_simple,,,R1252,c1
R1252TS156_5o_simple,,,R1252,c1
R1252TS159_1o_simple, c6 c3 c2 , 13.023443 12.924121 12.801537,R1252,c1
R1252TS159_2o_simple, c6 c3 c2 , 24.972639 25.030860 24.055051,R1252,c1
R1252TS167_5o_simple, c6 c3 c2 , 13.257437 13.266173 12.832805,R1252,c1
R1252TS189_1o_simple, c6 c3 c2 , 27.668137 29.712543 20.146230,R1252,c1
R1252TS189_2o_simple, d3 c2 c2 c2 , 47.293322 47.196356 39.504267 48.457267,R1252,c1
R1252TS189_3o_simple, c2 c2 , 34.488816 46.188494,R1252,c1
R1252TS189_5o_simple, d3 c3 c2 c2 c2 , 32.099896 34.949442 29.863354 31.876579 28.135667,R1252,c1
R1252TS208_3o_simple, c6 c3 c2 , 19.473040 19.573850 18.912836,R1252,c1
R1252TS208_4o_simple, c6 c3 c2 , 18.042132 18.412249 16.623257,R1252,c1
R1252TS231_1o_simple, c6 c3 , 41.842734 46.781599,R1252,c1
R1252TS235_5o_simple, c6 c3 c2 , 36.336722 38.749312 22.289223,R1252,c1
R1252TS241_1o_simple, c6 c3 c2 , 17.588286 17.835441 13.171539,R1252,c1
R1252TS241_3o_simple, c6 c3 c2 , 12.637361 12.975472 12.180229,R1252,c1
R1252TS241_4o_simple, c6 c3 c2 , 34.925215 36.615219 37.414732,R1252,c1
R1252TS241_5o_simple, c2 , 38.501913,R1252,c1
R1252TS262_5o_simple, c6 c3 c2 , 14.634830 14.127669 13.274709,R1252,c1
R1252TS286_1o_simple, c6 c3 c2 , 28.834832 27.733278 27.691607,R1252,c1
R1252TS286_2o_simple,,,R1252,c1
R1252TS286_3o_simple, c6 c3 c2 , 47.896611 44.882650 47.366360,R1252,c1
R1252TS286_4o_simple, c3 c2 , 31.158756 38.804087,R1252,c1
R1252TS286_5o_simple, c6 c3 c2 , 15.716351 16.214685 15.283231,R1252,c1
R1252TS294_5o_simple, c2 c2 , 40.679811 34.297442,R1252,c1
R1252TS304_1o_simple, c6 c3 c2 , 12.637361 12.975472 12.180229,R1252,c1
R1252TS304_4o_simple,,,R1252,c1
R1252TS304_5o_simple, c6 c3 c2 , 39.181579 40.990934 40.827530,R1252,c1
R1252TS317_3o_simple, c2 c2 , 14.255597 40.799114,R1252,c1
R1252TS317_4o_simple, c2 , 10.608089,R1252,c1
R1252TS325_1o_simple, c6 c3 c2 , 23.844440 22.380249 21.723120,R1252,c1
R1252TS338_2o_simple, d3 c3 c2 c2 c2 , 14.011600 15.657100 11.352882 15.589992 10.911073,R1252,c1
R1252TS369_1o_simple,,,R1252,c1
R1252TS369_2o_simple,,,R1252,c1
R1252TS369_3o_simple,,,R1252,c1
R1252TS369_4o_simple,,,R1252,c1
R1252TS369_5o_simple,,,R1252,c1
R1252TS417_1o_simple, c6 c3 c2 , 36.258521 29.736188 36.361911,R1252,c1
R1252TS417_5o_simple, c6 c3 c3 , 42.649992 47.658476 47.652330,R1252,c1
R1252TS435_1o_simple, c6 c3 , 43.987736 49.179784,R1252,c1
R1252TS435_2o_simple,,,R1252,c1
R1252TS435_3o_simple,,,R1252,c1
R1252TS435_4o_simple,,,R1252,c1
R1252TS435_5o_simple,,,R1252,c1
R1252TS450_5o_simple, c6 c3 c2 , 13.257437 13.266173 12.832805,R1252,c1
R1252TS462_1o_simple,,,R1252,c1
R1252TS462_3o_simple,,,R1252,c1
R1252TS462_4o_simple,,,R1252,c1
R1253v1TS033_1o_simple, c8 c4 c3 c2 c2 , 41.254215 41.551354 36.312782 34.137432 42.904609,R1253v1,c1
R1253v1TS033_2o_simple, c8 c4 c3 c2 c2 , 15.256974 15.939101 26.774974 40.182120 16.097649,R1253v1,c1
R1253v1TS033_3o_simple, c8 c4 c3 c2 , 22.711495 22.924858 46.773679 11.396912,R1253v1,c1
R1253v1TS052_1o_simple,,,R1253v1,c1
R1253v1TS052_2o_simple,,,R1253v1,c1
R1253v1TS052_3o_simple,,,R1253v1,c1
R1253v1TS052_4o_simple,,,R1253v1,c1
R1253v1TS052_5o_simple, c8 c4 c3 c2 , 28.209304 29.317685 28.826315 23.344025,R1253v1,c1
R1253v1TS156_1o_simple,,,R1253v1,c1
R1253v1TS156_2o_simple,,,R1253v1,c1
R1253v1TS156_3o_simple,,,R1253v1,c1
R1253v1TS156_4o_simple,,,R1253v1,c1
R1253v1TS156_5o_simple,,,R1253v1,c1
R1253v1TS159_1o_simple, c8 c4 c3 c2 c2 , 18.729797 19.201132 14.489349 20.654452 35.559850,R1253v1,c1
R1253v1TS159_2o_simple, c8 c4 c3 c2 c2 , 42.362602 37.672314 43.247571 27.687751 41.714267,R1253v1,c1
R1253v1TS167_1o_simple, c8 c4 c3 c2 , 15.791078 16.634407 16.259291 17.748434,R1253v1,c1
R1253v1TS167_3o_simple, c8 c4 c3 c2 , 15.133626 13.736136 17.101495 14.105656,R1253v1,c1
R1253v1TS167_4o_simple, c8 c4 c3 c2 , 13.220464 13.137400 20.141878 12.240547,R1253v1,c1
R1253v1TS183_3o_simple, d4 d2 d2 c4 c2 c2 c2 c2 c2 , 29.494793 17.016266 31.843215 31.855206 20.797044 11.035619 35.780246 17.729507 36.420814,R1253v1,c1
R1253v1TS189_1o_simple, c8 c4 c3 c2 , 38.417083 35.549526 32.927914 34.683807,R1253v1,c1
R1253v1TS189_2o_simple, c8 c4 c3 c2 , 32.380523 32.312116 22.200746 33.843122,R1253v1,c1
R1253v1TS189_3o_simple, c8 c4 c3 c2 c2 , 28.551288 27.329808 36.710555 16.958496 20.318974,R1253v1,c1
R1253v1TS189_4o_simple, c8 c4 c3 c2 , 25.832438 25.000606 30.478009 25.607872,R1253v1,c1
R1253v1TS189_5o_simple, c8 c4 c3 c2 c2 , 24.652983 25.084369 25.283834 27.901821 24.315367,R1253v1,c1
R1253v1TS208_1o_simple, c8 c4 c3 c2 , 21.259143 18.710410 25.157417 16.981019,R1253v1,c1
R1253v1TS208_2o_simple, c8 c4 c3 c2 c2 , 25.906990 25.757721 31.365868 25.682492 30.269648,R1253v1,c1
R1253v1TS208_3o_simple, c8 c4 c3 c2 , 39.057404 38.061270 24.547369 39.499553,R1253v1,c1
R1253v1TS208_4o_simple, c2 c2 , 49.320013 49.163742,R1253v1,c1
R1253v1TS208_5o_simple, c8 c4 c3 c2 c2 , 24.663445 25.382188 24.638839 23.704482 41.732942,R1253v1,c1
R1253v1TS231_1o_simple,,,R1253v1,c1
R1253v1TS235_1o_simple, c8 c4 c3 c2 , 20.611170 19.948558 34.274250 17.283713,R1253v1,c1
R1253v1TS235_2o_simple, c8 c4 c3 c2 , 36.694231 37.839114 40.640934 37.474358,R1253v1,c1
R1253v1TS235_4o_simple,,,R1253v1,c1
R1253v1TS235_5o_simple,,,R1253v1,c1
R1253v1TS241_1o_simple, c8 c4 c2 c2 , 36.245219 38.639677 30.985386 36.775726,R1253v1,c1
R1253v1TS241_3o_simple, c8 c4 c3 c2 , 37.101229 36.198042 38.866325 37.309035,R1253v1,c1
R1253v1TS241_4o_simple, c8 c4 c3 c2 , 39.302530 37.796625 36.931535 41.207194,R1253v1,c1
R1253v1TS241_5o_simple, c8 c4 c3 c2 c2 , 30.227797 30.737103 27.483466 27.964411 39.557809,R1253v1,c1
R1253v1TS262_2o_simple, c8 c4 c3 c2 , 15.497454 15.371849 20.197022 10.582267,R1253v1,c1
R1253v1TS262_5o_simple, c8 c4 c3 c2 , 14.791785 15.299492 15.617860 16.811255,R1253v1,c1
R1253v1TS286_1o_simple, c8 c4 c3 c2 c2 , 20.256400 20.946394 18.860426 21.529232 35.399709,R1253v1,c1
R1253v1TS286_2o_simple, c8 c4 c3 c2 , 27.530000 26.862019 36.594038 24.317491,R1253v1,c1
R1253v1TS286_3o_simple, c8 c4 c3 c2 , 24.570825 23.355823 26.372202 21.624786,R1253v1,c1
R1253v1TS286_4o_simple, c8 c4 c3 c2 , 49.065715 47.812587 32.976337 49.526147,R1253v1,c1
R1253v1TS286_5o_simple, c8 c4 c3 c2 c2 , 23.632110 24.233187 27.439531 18.741459 48.985186,R1253v1,c1
R1253v1TS294_2o_simple,,,R1253v1,c1
R1253v1TS294_3o_simple,,,R1253v1,c1
R1253v1TS294_4o_simple, c8 c4 c3 c2 , 13.656214 14.494866 18.478179 11.701109,R1253v1,c1
R1253v1TS294_5o_simple,,,R1253v1,c1
R1253v1TS304_1o_simple, c8 c4 c3 c2 c2 , 30.227797 30.737103 27.483466 27.964411 39.557809,R1253v1,c1
R1253v1TS304_3o_simple, c8 c4 c3 c2 , 13.250368 13.031335 15.238433 13.648340,R1253v1,c1
R1253v1TS304_4o_simple, c8 c4 c3 c2 c2 , 31.843122 31.679952 31.930626 41.864345 31.448581,R1253v1,c1
R1253v1TS304_5o_simple, c8 c4 c3 c2 c2 , 26.335690 26.740912 23.948309 28.388504 40.378737,R1253v1,c1
R1253v1TS317_1o_simple, c2 c2 , 11.023497 45.453745,R1253v1,c1
R1253v1TS317_4o_simple, c2 , 31.413970,R1253v1,c1
R1253v1TS325_1o_simple, c8 c4 c3 c2 , 29.695514 31.234556 28.255607 32.183607,R1253v1,c1
R1253v1TS325_2o_simple, c8 c4 c3 c2 , 24.413428 24.091824 28.941116 22.834359,R1253v1,c1
R1253v1TS369_1o_simple,,,R1253v1,c1
R1253v1TS369_2o_simple,,,R1253v1,c1
R1253v1TS369_3o_simple,,,R1253v1,c1
R1253v1TS369_4o_simple,,,R1253v1,c1
R1253v1TS369_5o_simple,,,R1253v1,c1
R1253v1TS417_1o_simple,,,R1253v1,c1
R1253v1TS417_2o_simple,,,R1253v1,c1
R1253v1TS417_3o_simple, c8 c4 c3 c2 c2 , 23.480272 24.570716 25.556090 22.376733 27.035080,R1253v1,c1
R1253v1TS417_4o_simple, c8 c4 c3 c2 c2 , 30.929577 32.674915 22.944891 22.920750 23.039465,R1253v1,c1
R1253v1TS417_5o_simple, c8 c4 c3 c2 , 30.693586 30.643940 34.834093 29.209043,R1253v1,c1
R1253v1TS435_1o_simple, c8 , 49.678230,R1253v1,c1
R1253v1TS435_2o_simple, c8 c4 , 44.863479 48.458096,R1253v1,c1
R1253v1TS435_3o_simple,,,R1253v1,c1
R1253v1TS435_4o_simple, c8 , 47.447755,R1253v1,c1
R1253v1TS435_5o_simple,,,R1253v1,c1
R1253v1TS450_1o_simple, c8 c4 c3 c2 , 15.791078 16.634407 16.259291 17.748434,R1253v1,c1
R1253v1TS450_3o_simple, c8 c4 c3 c2 , 15.133626 13.736136 17.101495 14.105656,R1253v1,c1
R1253v1TS450_4o_simple, c8 c4 c3 c2 , 13.220464 13.137400 20.141878 12.240547,R1253v1,c1
R1253v1TS481_5o_simple, c8 c4 c3 c2 c2 , 15.104835 15.961525 20.233970 12.613505 37.784262,R1253v1,c1
R1253v2TS033_1o_simple, c8 c4 c3 c2 c2 , 26.149723 24.641175 23.377372 24.510695 24.719044,R1253v2,c1
R1253v2TS033_2o_simple, c8 c4 c3 c2 , 40.723781 40.577787 35.156741 39.289494,R1253v2,c1
R1253v2TS033_3o_simple, c8 c4 c2 c2 , 37.693109 39.537863 32.450322 33.829823,R1253v2,c1
R1253v2TS052_1o_simple,,,R1253v2,c1
R1253v2TS052_2o_simple,,,R1253v2,c1
R1253v2TS052_3o_simple,,,R1253v2,c1
R1253v2TS052_4o_simple,,,R1253v2,c1
R1253v2TS052_5o_simple, c8 c4 c3 c2 , 18.111488 17.413774 27.841044 19.272469,R1253v2,c1
R1253v2TS110_4o_simple, c8 c4 c3 c2 c2 , 32.178693 31.821558 21.772854 24.069688 34.202260,R1253v2,c1
R1253v2TS156_1o_simple,,,R1253v2,c1
R1253v2TS156_2o_simple,,,R1253v2,c1
R1253v2TS156_3o_simple,,,R1253v2,c1
R1253v2TS156_4o_simple,,,R1253v2,c1
R1253v2TS156_5o_simple,,,R1253v2,c1
R1253v2TS159_1o_simple, c8 c4 c3 c2 c2 c2 , 32.105055 31.546755 27.298563 32.637211 35.526479 32.363438,R1253v2,c1
R1253v2TS159_2o_simple, c8 c4 c3 c2 , 17.984386 17.185351 27.908493 16.471004,R1253v2,c1
R1253v2TS167_2o_simple, c8 c4 c3 c2 c2 c2 , 16.571396 15.771325 19.656775 36.981050 36.207227 15.558836,R1253v2,c1
R1253v2TS167_3o_simple, c8 c4 c3 c2 c2 , 17.748841 17.396126 23.733907 14.837643 33.625408,R1253v2,c1
R1253v2TS189_1o_simple, c8 c4 c3 c2 , 38.417083 35.549526 32.927914 34.683807,R1253v2,c1
R1253v2TS189_2o_simple, c8 c4 c3 c2 , 32.380523 32.312116 22.200746 33.843122,R1253v2,c1
R1253v2TS189_3o_simple, c8 c4 c3 c2 c2 , 28.551288 27.329808 36.710555 16.958496 20.318974,R1253v2,c1
R1253v2TS189_4o_simple, c8 c4 c3 c2 , 25.832438 25.000606 30.478009 25.607872,R1253v2,c1
R1253v2TS189_5o_simple, c8 c4 c3 c2 c2 , 24.652983 25.084369 25.283834 27.901821 24.315367,R1253v2,c1
R1253v2TS208_1o_simple, c8 c4 c3 c2 c2 , 27.976956 28.084827 22.984416 34.909758 29.475213,R1253v2,c1
R1253v2TS208_2o_simple,,,R1253v2,c1
R1253v2TS208_3o_simple,,,R1253v2,c1
R1253v2TS208_4o_simple, c8 c4 c3 c2 , 37.816857 37.354708 22.379046 38.979192,R1253v2,c1
R1253v2TS208_5o_simple,,,R1253v2,c1
R1253v2TS231_1o_simple,,,R1253v2,c1
R1253v2TS235_1o_simple, c8 c4 c3 c2 , 20.611170 19.948558 34.274250 17.283713,R1253v2,c1
R1253v2TS235_2o_simple, c8 c4 c3 c2 , 36.694231 37.839114 40.640934 37.474358,R1253v2,c1
R1253v2TS235_4o_simple,,,R1253v2,c1
R1253v2TS235_5o_simple,,,R1253v2,c1
R1253v2TS241_1o_simple, c8 c4 c3 c2 c2 , 18.499981 18.563486 16.579437 18.363616 25.586839,R1253v2,c1
R1253v2TS241_3o_simple, c8 c4 c3 c2 , 41.207339 42.220455 44.988280 43.039563,R1253v2,c1
R1253v2TS241_4o_simple, c8 c4 c3 c2 c2 , 29.511396 24.412266 28.529434 44.523140 25.563589,R1253v2,c1
R1253v2TS241_5o_simple,,,R1253v2,c1
R1253v2TS262_2o_simple, c8 c4 c3 c2 , 15.497454 15.371849 20.197022 10.582267,R1253v2,c1
R1253v2TS262_5o_simple, c8 c4 c3 c2 , 14.791785 15.299492 15.617860 16.811255,R1253v2,c1
R1253v2TS286_1o_simple, c8 c4 c3 c2 , 24.479357 24.325754 24.792362 24.625977,R1253v2,c1
R1253v2TS286_2o_simple, c8 c4 c3 c2 , 22.757932 22.615693 36.890353 21.571733,R1253v2,c1
R1253v2TS286_4o_simple, c8 c4 c3 c2 c2 , 15.689898 16.375207 22.998684 40.118166 15.528794,R1253v2,c1
R1253v2TS286_5o_simple, c8 c4 c3 c2 c2 , 17.659101 17.994154 20.884181 42.175330 18.247789,R1253v2,c1
R1253v2TS294_2o_simple, c8 c4 c3 c2 c2 , 10.738234 11.300888 15.874661 10.282930 31.607437,R1253v2,c1
R1253v2TS294_3o_simple, c8 c4 c3 c2 , 14.504971 14.543408 19.069070 15.371326,R1253v2,c1
R1253v2TS294_4o_simple,,,R1253v2,c1
R1253v2TS294_5o_simple, c8 c4 c3 c2 , 18.755526 18.828577 17.165282 19.010385,R1253v2,c1
R1253v2TS304_1o_simple, c8 c4 c3 c2 , 41.207339 42.220455 44.988280 43.039563,R1253v2,c1
R1253v2TS304_2o_simple, c8 c4 c3 c2 , 23.821378 23.285957 21.678263 21.092478,R1253v2,c1
R1253v2TS304_3o_simple, c8 c4 c3 c2 , 39.145967 40.189057 49.406188 44.118548,R1253v2,c1
R1253v2TS304_4o_simple, c8 c4 c3 c2 , 22.788969 22.038327 27.252426 18.136372,R1253v2,c1
R1253v2TS304_5o_simple, c8 c4 c3 c2 c2 c2 , 26.957982 26.440682 22.689936 18.331991 40.668171 25.008908,R1253v2,c1
R1253v2TS317_1o_simple, c2 c2 , 11.023497 45.453745,R1253v2,c1
R1253v2TS317_4o_simple, c2 , 31.413970,R1253v2,c1
R1253v2TS325_1o_simple, c8 c4 c3 c2 c2 , 31.683947 31.700988 26.913868 33.992171 32.569888,R1253v2,c1
R1253v2TS325_2o_simple, c8 c4 c3 c2 , 36.201745 37.720834 20.230814 42.285200,R1253v2,c1
R1253v2TS369_1o_simple,,,R1253v2,c1
R1253v2TS369_2o_simple,,,R1253v2,c1
R1253v2TS369_3o_simple,,,R1253v2,c1
R1253v2TS369_4o_simple,,,R1253v2,c1
R1253v2TS369_5o_simple,,,R1253v2,c1
R1253v2TS417_1o_simple, c8 c4 c3 c2 c2 , 18.729797 19.201132 14.489349 20.654452 35.559850,R1253v2,c1
R1253v2TS417_2o_simple, c8 c4 c3 c2 , 29.695514 31.234556 28.255607 32.183607,R1253v2,c1
R1253v2TS417_3o_simple, c8 c4 c2 , 39.159949 39.576115 44.673644,R1253v2,c1
R1253v2TS417_4o_simple, c8 c4 c3 c2 , 14.512116 14.907699 15.820268 16.470088,R1253v2,c1
R1253v2TS435_1o_simple, c8 , 47.447755,R1253v2,c1
R1253v2TS435_2o_simple,,,R1253v2,c1
R1253v2TS435_3o_simple, c8 , 49.678230,R1253v2,c1
R1253v2TS435_4o_simple, c8 c4 , 44.863479 48.458096,R1253v2,c1
R1253v2TS435_5o_simple,,,R1253v2,c1
R1253v2TS450_2o_simple, c8 c4 c3 c2 c2 c2 , 16.571396 15.771325 19.656775 36.981050 36.207227 15.558836,R1253v2,c1
R1253v2TS450_3o_simple, c8 c4 c3 c2 c2 , 17.748841 17.396126 23.733907 14.837643 33.625408,R1253v2,c1
R1254TS033_1o, c3 c2 , 13.622891 18.563744,R1254,c1
R1254TS033_2o, c3 c2 , 15.045496 20.501947,R1254,c1
R1254TS033_3o, d7 c14 c7 c3 c2 c2 c2 c2 c2 c2 c2 c2 , 17.651093 17.651335 17.651335 12.952450 17.650885 17.650885 17.650885 17.650885 17.650885 17.650885 17.650885 17.650885,R1254,c1
R1254TS110_5o, c14 c7 c3 c2 , 11.594653 11.482310 15.287343 11.993582,R1254,c1
R1254TS189_2o, c7 c3 , 14.098178 22.860874,R1254,c1
R1254TS241_1o,,,R1254,c1
R1254TS241_2o,,,R1254,c1
R1254TS241_3o,,,R1254,c1
R1254TS241_4o,,,R1254,c1
R1254TS241_5o,,,R1254,c1
R1254TS294_4o, c14 c7 c3 c2 , 12.595214 13.108813 22.633030 10.138772,R1254,c1
R1254TS294_5o,,,R1254,c1
R1254TS304_1o,,,R1254,c1
R1254TS304_2o,,,R1254,c1
R1254TS304_3o,,,R1254,c1
R1254TS304_4o,,,R1254,c1
R1254TS304_5o,,,R1254,c1
R1254TS317_1o, c2 , 27.432478,R1254,c1
R1254TS317_2o, c2 , 12.141661,R1254,c1
R1254TS317_3o,,,R1254,c1
R1254TS317_4o,,,R1254,c1
R1281TS028_1o,,,R1281,c1
R1281TS028_2o,,,R1281,c1
R1281TS052_1o, c3 , 32.976259,R1281,c1
R1281TS052_2o, c3 , 27.608060,R1281,c1
R1281TS052_3o, c3 c2 , 10.016341 28.513043,R1281,c1
R1281TS052_4o, c3 , 44.994264,R1281,c1
R1281TS052_5o, c3 , 43.282314,R1281,c1
R1281TS091_1o,,,R1281,c1
R1281TS091_2o,,,R1281,c1
R1281TS091_3o,,,R1281,c1
R1281TS091_4o,,,R1281,c1
R1281TS091_5o,,,R1281,c1
R1281TS110_1o,,,R1281,c1
R1281TS110_2o,,,R1281,c1
R1281TS156_1o,,,R1281,c1
R1281TS156_2o,,,R1281,c1
R1281TS156_3o,,,R1281,c1
R1281TS156_4o,,,R1281,c1
R1281TS156_5o,,,R1281,c1
R1281TS183_5o, c3 c2 , 31.997985 47.244204,R1281,c1
R1281TS189_1o, c3 c2 , 16.400146 27.109945,R1281,c1
R1281TS189_4o,,,R1281,c1
R1281TS189_5o, c3 , 39.347214,R1281,c1
R1281TS208_1o,,,R1281,c1
R1281TS208_2o,,,R1281,c1
R1281TS208_4o,,,R1281,c1
R1281TS208_5o,,,R1281,c1
R1281TS267_5o,,,R1281,c1
R1281TS272_1o,,,R1281,c1
R1281TS272_2o,,,R1281,c1
R1281TS272_3o,,,R1281,c1
R1281TS272_4o,,,R1281,c1
R1281TS272_5o,,,R1281,c1
R1281TS286_2o,,,R1281,c1
R1281TS286_5o, c3 , 49.826038,R1281,c1
R1281TS304_3o,,,R1281,c1
R1281TS304_4o,,,R1281,c1
R1281TS304_5o,,,R1281,c1
R1281TS462_1o,,,R1281,c1
R1281TS462_2o,,,R1281,c1
R1281TS462_3o,,,R1281,c1
R1281TS462_4o,,,R1281,c1
R1281TS462_5o,,,R1281,c1
R1283v2TS052_2o_simple, c4 c3 c2 , 27.429002 30.067202 26.758807,R1283v2,c1
R1283v2TS052_3o_simple,,,R1283v2,c1
R1283v2TS052_4o_simple,,,R1283v2,c1
R1283v2TS052_5o_simple,,,R1283v2,c1
R1283v2TS091_1o_simple,,,R1283v2,c1
R1283v2TS091_2o_simple,,,R1283v2,c1
R1283v2TS091_3o_simple,,,R1283v2,c1
R1283v2TS091_4o_simple,,,R1283v2,c1
R1283v2TS091_5o_simple,,,R1283v2,c1
R1283v2TS156_1o_simple,,,R1283v2,c1
R1283v2TS156_2o_simple,,,R1283v2,c1
R1283v2TS156_3o_simple,,,R1283v2,c1
R1283v2TS156_4o_simple,,,R1283v2,c1
R1283v2TS156_5o_simple,,,R1283v2,c1
R1283v2TS183_2o_simple, c3 c2 , 44.329063 12.802648,R1283v2,c1
R1283v2TS189_1o_simple, c4 c3 c2 , 24.557590 34.929967 24.630041,R1283v2,c1
R1283v2TS189_2o_simple, c4 c3 c2 c2 , 44.207427 26.729267 47.678463 39.007617,R1283v2,c1
R1283v2TS208_1o_simple, c4 c3 c2 , 41.016613 21.582630 39.490128,R1283v2,c1
R1283v2TS208_2o_simple, c3 c2 , 34.980476 40.353381,R1283v2,c1
R1283v2TS241_5o_simple, c4 c3 c2 , 30.875300 25.303060 29.512762,R1283v2,c1
R1283v2TS262_3o_simple, c4 c3 c2 , 26.040121 31.269913 26.648797,R1283v2,c1
R1283v2TS267_1o_simple,,,R1283v2,c1
R1283v2TS267_2o_simple,,,R1283v2,c1
R1283v2TS267_3o_simple,,,R1283v2,c1
R1283v2TS267_4o_simple,,,R1283v2,c1
R1283v2TS267_5o_simple,,,R1283v2,c1
R1283v2TS272_1o_simple,,,R1283v2,c1
R1283v2TS272_2o_simple,,,R1283v2,c1
R1283v2TS272_3o_simple,,,R1283v2,c1
R1283v2TS272_4o_simple,,,R1283v2,c1
R1283v2TS272_5o_simple,,,R1283v2,c1
R1283v2TS286_2o_simple, c3 , 27.046626,R1283v2,c1
R1283v2TS286_3o_simple, c4 c3 c2 , 37.793794 19.756483 11.512656,R1283v2,c1
R1283v2TS294_5o_simple, c4 c3 c2 , 23.537804 29.368376 21.653901,R1283v2,c1
R1283v2TS304_5o_simple, c4 c3 c2 , 43.579384 27.953195 37.091768,R1283v2,c1
R1283v3TS028_1o_simple, c8 c4 c3 c2 , 13.369524 14.244521 34.586684 13.169441,R1283v3,c1
R1283v3TS028_5o_simple, c8 c4 c3 c2 , 15.896102 12.615587 33.053077 10.330567,R1283v3,c1
R1283v3TS052_1o_simple,,,R1283v3,c1
R1283v3TS052_2o_simple,,,R1283v3,c1
R1283v3TS052_3o_simple,,,R1283v3,c1
R1283v3TS052_4o_simple,,,R1283v3,c1
R1283v3TS052_5o_simple,,,R1283v3,c1
R1283v3TS091_1o_simple,,,R1283v3,c1
R1283v3TS091_2o_simple,,,R1283v3,c1
R1283v3TS091_3o_simple,,,R1283v3,c1
R1283v3TS091_4o_simple,,,R1283v3,c1
R1283v3TS091_5o_simple,,,R1283v3,c1
R1283v3TS183_2o_simple, d4 d2 d2 c4 c2 c2 c2 c2 c2 , 38.718600 40.093000 20.504440 40.457342 47.658483 25.050560 19.558707 15.831926 47.878288,R1283v3,c1
R1283v3TS189_1o_simple, c4 c3 c2 , 26.584519 35.270135 27.618230,R1283v3,c1
R1283v3TS189_2o_simple, d4 d2 d2 c4 c2 c2 c2 c2 c2 , 34.093329 33.946385 36.620897 36.707420 41.140143 20.434377 36.945048 36.674811 31.022191,R1283v3,c1
R1283v3TS189_3o_simple, d4 d2 d2 c4 c2 c2 c2 c2 c2 , 32.576577 32.377729 35.125560 35.122400 39.486901 29.546398 27.925624 26.589853 36.623534,R1283v3,c1
R1283v3TS208_1o_simple, c8 c4 , 45.602386 49.219610,R1283v3,c1
R1283v3TS208_2o_simple,,,R1283v3,c1
R1283v3TS208_3o_simple, c8 , 47.031816,R1283v3,c1
R1283v3TS208_4o_simple,,,R1283v3,c1
R1283v3TS208_5o_simple,,,R1283v3,c1
R1283v3TS241_1o_simple, c8 c4 c3 c2 , 26.059000 25.994345 29.061204 25.136205,R1283v3,c1
R1283v3TS241_2o_simple, c8 c4 c3 c2 c2 c2 , 28.861209 29.556671 38.438854 35.753057 42.692202 27.823971,R1283v3,c1
R1283v3TS241_3o_simple, c8 c4 c3 c2 c2 , 27.965558 26.903094 37.724694 32.303040 23.911929,R1283v3,c1
R1283v3TS241_4o_simple, c8 c4 c3 c2 , 18.249651 19.052091 22.577744 20.292447,R1283v3,c1
R1283v3TS241_5o_simple, c8 c4 c3 c2 , 22.081183 20.027234 21.152615 21.320437,R1283v3,c1
R1283v3TS262_3o_simple, c8 c4 c3 c2 c2 , 23.282504 24.622658 27.902642 23.184612 38.720603,R1283v3,c1
R1283v3TS272_1o_simple,,,R1283v3,c1
R1283v3TS272_2o_simple,,,R1283v3,c1
R1283v3TS272_3o_simple,,,R1283v3,c1
R1283v3TS272_4o_simple,,,R1283v3,c1
R1283v3TS272_5o_simple,,,R1283v3,c1
R1283v3TS294_1o_simple,,,R1283v3,c1
R1283v3TS294_2o_simple,,,R1283v3,c1
R1283v3TS294_3o_simple,,,R1283v3,c1
R1283v3TS294_4o_simple,,,R1283v3,c1
R1283v3TS294_5o_simple,,,R1283v3,c1
R1283v3TS304_1o_simple,,,R1283v3,c1
R1283v3TS304_2o_simple, c8 c4 c3 , 43.567200 47.036902 49.867902,R1283v3,c1
R1283v3TS304_3o_simple, c8 , 47.992412,R1283v3,c1
R1283v3TS304_4o_simple,,,R1283v3,c1
R1283v3TS304_5o_simple,,,R1283v3,c1
R1283v3TS417_4o_simple, d4 d2 d2 c4 c2 c2 c2 c2 c2 , 30.858085 33.294781 32.478578 33.270042 39.657528 23.399015 34.406188 13.881362 37.333692,R1283v3,c1
R1283v3TS417_5o_simple, c8 c4 c3 c2 c2 , 35.840671 34.355287 31.692036 13.389647 28.973818,R1283v3,c1
R1283v3TS481_5o_simple, d4 d2 d2 c4 c2 c2 c2 c2 c2 , 17.385357 17.424176 17.532844 18.584065 19.408069 18.896062 20.147313 13.282393 11.805560,R1283v3,c1
R1285TS052_5o_simple,,,R1285,c1
R1285TS091_1o_simple,,,R1285,c1
R1285TS091_2o_simple,,,R1285,c1
R1285TS091_3o_simple,,,R1285,c1
R1285TS091_4o_simple,,,R1285,c1
R1285TS091_5o_simple,,,R1285,c1
R1285TS156_1o_simple,,,R1285,c1
R1285TS156_2o_simple,,,R1285,c1
R1285TS156_3o_simple,,,R1285,c1
R1285TS156_4o_simple,,,R1285,c1
R1285TS156_5o_simple,,,R1285,c1
R1285TS183_5o_simple, c2 , 19.975743,R1285,c1
R1285TS208_1o_simple,,,R1285,c1
R1285TS208_2o_simple, c2 , 47.561517,R1285,c1
R1285TS208_3o_simple, c2 , 49.245214,R1285,c1
R1285TS208_4o_simple, c3 , 44.560745,R1285,c1
R1285TS208_5o_simple,,,R1285,c1
R1285TS267_1o_simple, c3 c2 , 44.072214 46.942756,R1285,c1
R1285TS267_2o_simple, c3 , 48.224520,R1285,c1
R1285TS267_3o_simple, c3 c2 , 42.372003 48.186537,R1285,c1
R1285TS267_4o_simple, c3 c2 , 46.584606 49.625090,R1285,c1
R1285TS267_5o_simple, c3 c2 , 42.694107 48.577900,R1285,c1
R1285TS304_2o_simple, c3 c2 , 41.149861 47.504467,R1285,c1
R1285TS304_3o_simple, c3 c2 , 40.351093 46.610252,R1285,c1
R1285TS304_4o_simple, c3 c2 , 42.340202 48.635190,R1285,c1
R1285TS304_5o_simple, c3 c2 , 39.794377 46.133246,R1285,c1
R1285TS417_3o_simple, c2 , 43.931779,R1285,c1
R1285TS481_3o_simple, c3 c2 , 32.013356 25.265508,R1285,c1
R1290TS091_1o,,,R1290,c1
R1290TS091_2o,,,R1290,c1
R1290TS091_3o,,,R1290,c1
R1290TS091_4o,,,R1290,c1
R1290TS091_5o,,,R1290,c1
R1290TS156_1o,,,R1290,c1
R1290TS156_2o,,,R1290,c1
R1290TS156_3o,,,R1290,c1
R1290TS156_4o,,,R1290,c1
R1290TS156_5o,,,R1290,c1
R1290TS208_1o,,,R1290,c1
R1290TS208_2o,,,R1290,c1
R1290TS208_3o,,,R1290,c1
R1290TS208_4o,,,R1290,c1
R1290TS208_5o,,,R1290,c1
R1290TS267_1o, c3 c2 , 44.682950 48.023957,R1290,c1
R1290TS267_2o, c3 c2 , 41.179514 45.734694,R1290,c1
R1290TS267_3o, c3 c2 , 43.767293 47.162650,R1290,c1
R1290TS267_4o, c3 c2 , 42.376680 46.961678,R1290,c1
R1290TS267_5o, c3 c2 , 44.223209 47.525680,R1290,c1
R1290TS294_4o,,,R1290,c1
R1251TS028_1o, c14 c7 c3 c2 , 9.695234 9.666057 25.180814 9.703765,R1251,c14
R1251TS294_1o, c14 c7 c3 c2 , 0.000681 0.000682 27.607883 0.000683,R1251,c14
R1251TS294_2o, c14 c7 c2 , 1.056655 1.056334 1.056082,R1251,c14
R1251TS294_5o, c14 c7 c3 c2 , 0.000683 0.000683 32.728759 0.000677,R1251,c14
R1251TS481_2o, c14 c7 c3 c2 , 0.000572 0.000579 33.193050 0.000483,R1251,c14
R1251TS481_3o, c14 c7 c3 c2 , 0.000575 0.000577 29.615184 0.000567,R1251,c14
R1251TS481_4o, c14 c7 c3 c2 , 0.000578 0.000578 34.730008 0.000559,R1251,c14
R1251TS481_5o, c14 c7 c3 c2 , 6.857226 7.123509 28.260070 8.162873,R1251,c14
R1254TS028_1o, c14 c7 c3 c2 , 8.858240 9.096954 24.230174 9.074541,R1254,c14
R1254TS028_2o, c14 c7 c3 c2 , 5.461306 5.555660 10.348901 5.857388,R1254,c14
R1254TS028_3o, c14 c7 c3 c2 , 6.589117 6.698974 14.777176 5.981194,R1254,c14
R1254TS028_4o, c14 c7 c3 c2 , 6.859957 7.013982 15.095243 6.149896,R1254,c14
R1254TS028_5o, c14 c7 c3 c2 , 7.004473 7.203074 17.788093 5.049012,R1254,c14
R1254TS110_1o, c14 c7 c3 c2 , 6.657783 6.849686 21.373121 6.559757,R1254,c14
R1254TS110_2o, c14 c7 c3 c2 , 6.017700 6.086544 15.101048 5.520937,R1254,c14
R1254TS110_3o, c14 c7 c3 c2 , 7.070972 7.151569 21.731986 5.925577,R1254,c14
R1254TS110_4o, c14 c7 c3 c2 , 6.796837 6.965188 15.910958 6.319231,R1254,c14
R1254TS156_1o, c14 c7 c3 c2 , 0.039762 0.040952 19.712075 0.044246,R1254,c14
R1254TS156_2o, c14 c7 c3 c2 , 0.049063 0.050509 21.876956 0.054033,R1254,c14
R1254TS156_3o, c14 c7 c3 c2 , 0.050243 0.051731 22.437065 0.055536,R1254,c14
R1254TS156_4o, c14 c7 c3 c2 , 0.048804 0.050240 38.677578 0.053694,R1254,c14
R1254TS156_5o, c14 c7 c3 c2 , 0.049065 0.050512 23.017029 0.054021,R1254,c14
R1254TS272_1o, c14 c7 c3 c2 , 0.001257 0.001298 16.994929 0.001450,R1254,c14
R1254TS272_2o, c14 c7 c3 c2 , 0.002653 0.002732 16.280282 0.002957,R1254,c14
R1254TS272_3o, c14 c7 c3 c2 , 0.002822 0.002905 17.624752 0.003096,R1254,c14
R1254TS272_4o, c14 c7 c3 c2 , 0.001514 0.001560 33.107347 0.001695,R1254,c14
R1254TS272_5o, c14 c7 c3 c2 , 0.001482 0.001529 17.191364 0.001702,R1254,c14
R1254TS462_1o, c14 c7 c3 c2 , 8.858240 9.096954 24.230174 9.074541,R1254,c14
R1254TS462_2o, c14 c7 c3 c2 , 5.461306 5.555660 10.348901 5.857388,R1254,c14
R1254TS462_3o, c14 c7 c3 c2 , 6.657783 6.849686 21.373121 6.559757,R1254,c14
R1254TS462_4o, c14 c7 c3 c2 , 6.017700 6.086544 15.101048 5.520937,R1254,c14
R1254TS462_5o, c14 c7 c3 c2 , 6.589117 6.698974 14.777176 5.981194,R1254,c14
R1254TS481_1o, c14 c7 c3 c2 , 0.000601 0.000612 19.691359 0.000414,R1254,c14
R1254TS481_2o, c14 c7 c3 c2 , 0.000835 0.000837 19.013503 0.000820,R1254,c14
R1254TS481_5o, c14 c7 c3 c2 , 0.000585 0.000578 17.765335 0.000653,R1254,c14
R1250TS167_3o_simple, c6 c3 c2 , 13.414607 13.958404 9.136610,R1250,c2
R1250TS183_1o_simple, c3 c2 , 42.059043 9.273986,R1250,c2
R1250TS183_3o_simple, c2 , 3.387888,R1250,c2
R1250TS183_4o_simple, d3 c3 c2 c2 c2 , 24.061829 26.901420 26.297959 26.980925 2.869539,R1250,c2
R1250TS262_1o_simple, c6 c3 c2 , 17.765134 19.847576 1.708264,R1250,c2
R1250TS262_4o_simple, c6 c3 c2 , 17.765134 19.847576 1.708264,R1250,c2
R1250TS286_1o_simple, c6 c3 c2 , 18.997263 20.723179 9.623026,R1250,c2
R1250TS317_3o_simple, c3 c2 , 47.313386 4.933172,R1250,c2
R1250TS317_5o_simple, d3 c3 c2 c2 c2 , 20.205981 22.589085 7.337315 19.569434 24.153127,R1250,c2
R1250TS450_3o_simple, c6 c3 c2 , 13.414607 13.958404 9.136610,R1250,c2
R1251TS110_1o, c14 c7 c3 c2 , 10.123472 10.172138 25.707068 9.446281,R1251,c2
R1251TS183_1o, c3 c2 , 21.333881 1.901851,R1251,c2
R1251TS183_2o, c3 c2 , 21.793496 1.829440,R1251,c2
R1251TS183_3o, c2 , 5.295329,R1251,c2
R1251TS183_4o, c2 , 6.147675,R1251,c2
R1251TS262_1o, d7 c7 c3 c2 c2 c2 c2 c2 c2 c2 , 20.513059 21.348541 30.698626 8.069124 19.765345 20.928064 23.529541 19.288596 22.830985 19.866752,R1251,c2
R1251TS262_3o, d7 c7 c3 c2 c2 c2 c2 c2 c2 c2 , 20.513059 21.348541 30.698626 8.069124 19.765345 20.928064 23.529541 19.288596 22.830985 19.866752,R1251,c2
R1251TS262_5o, d7 c7 c3 c2 c2 c2 c2 c2 c2 c2 , 20.513059 21.348541 30.698626 8.069124 19.765345 20.928064 23.529541 19.288596 22.830985 19.866752,R1251,c2
R1251TS417_4o, c2 , 0.658195,R1251,c2
R1252TS183_3o_simple, d3 c3 c2 c2 c2 , 15.060166 16.837311 16.669386 3.674979 16.470121,R1252,c2
R1252TS183_4o_simple, c2 , 2.868429,R1252,c2
R1252TS317_1o_simple, c2 c2 , 1.523070 41.942436,R1252,c2
R1252TS317_2o_simple, c2 , 4.692304,R1252,c2
R1252TS317_5o_simple, c2 , 6.822450,R1252,c2
R1252TS325_2o_simple, c6 c3 c2 , 40.641655 45.304055 6.467889,R1252,c2
R1252TS338_4o_simple, c6 c3 c2 , 12.149059 13.543305 2.772532,R1252,c2
R1252TS338_5o_simple, c6 c3 c2 , 13.724415 15.333097 1.559739,R1252,c2
R1252TS417_2o_simple, c6 c3 c2 c2 , 37.137609 40.984506 5.740126 11.331223,R1252,c2
R1252TS417_3o_simple, c6 c3 c2 c2 , 36.640634 40.409825 9.876475 11.179272,R1252,c2
R1252TS417_4o_simple, c2 , 9.394459,R1252,c2
R1253v1TS167_2o_simple, c8 c4 c3 c2 , 15.649885 14.626408 28.241588 7.038424,R1253v1,c2
R1253v1TS183_4o_simple, d2 c2 c2 c2 , 24.725553 30.280739 30.223162 1.918123,R1253v1,c2
R1253v1TS235_3o_simple, c8 c4 c3 c2 , 13.215308 10.988022 20.569068 9.832680,R1253v1,c2
R1253v1TS262_1o_simple, c8 c4 c3 c2 , 14.531692 13.349588 22.142521 1.869832,R1253v1,c2
R1253v1TS262_4o_simple, c8 c4 c3 c2 , 15.221273 14.830396 28.010184 5.257353,R1253v1,c2
R1253v1TS317_2o_simple, c2 , 6.390764,R1253v1,c2
R1253v1TS317_3o_simple, c2 , 3.471957,R1253v1,c2
R1253v1TS317_5o_simple, c2 c2 , 3.277790 40.803949,R1253v1,c2
R1253v1TS338_3o_simple, d4 d2 d2 c4 c3 c2 c2 c2 c2 c2 , 21.641235 17.507665 23.377432 23.374113 41.871884 21.436501 5.772622 22.362067 20.651364 26.025874,R1253v1,c2
R1253v1TS338_4o_simple, d4 d2 d2 c4 c3 c2 c2 c2 c2 c2 , 15.500735 14.542451 16.741695 16.741761 34.548178 17.806839 3.934689 15.364801 17.374407 16.952201,R1253v1,c2
R1253v1TS338_5o_simple, d4 d2 d2 c4 c3 c2 c2 c2 c2 c2 , 13.908473 13.522010 15.022335 15.022264 36.332994 16.559310 3.773038 15.789208 12.366609 16.123956,R1253v1,c2
R1253v1TS450_2o_simple, c8 c4 c3 c2 , 15.649885 14.626408 28.241588 7.038424,R1253v1,c2
R1253v2TS028_1o_simple, c8 c4 c3 c2 c2 , 10.431807 10.042525 15.507948 8.157894 39.093545,R1253v2,c2
R1253v2TS110_2o_simple, c8 c4 c3 c2 c2 , 10.634945 10.277378 15.736961 8.962873 40.668663,R1253v2,c2
R1253v2TS235_3o_simple, c8 c4 c3 c2 , 13.215308 10.988022 20.569068 9.832680,R1253v2,c2
R1253v2TS241_2o_simple, c8 c4 c3 c2 , 13.344571 12.955248 25.886364 8.715981,R1253v2,c2
R1253v2TS262_1o_simple, c8 c4 c3 c2 , 14.531692 13.349588 22.142521 1.869832,R1253v2,c2
R1253v2TS262_4o_simple, c8 c4 c3 c2 , 15.221273 14.830396 28.010184 5.257353,R1253v2,c2
R1253v2TS317_2o_simple, c2 , 6.390764,R1253v2,c2
R1253v2TS317_3o_simple, c2 , 3.471957,R1253v2,c2
R1253v2TS317_5o_simple, c2 c2 , 3.277790 40.803949,R1253v2,c2
R1253v2TS338_3o_simple, d4 d2 d2 c4 c3 c2 c2 c2 c2 c2 , 21.641235 17.507665 23.377432 23.374113 41.871884 21.436501 5.772622 22.362067 20.651364 26.025874,R1253v2,c2
R1253v2TS338_4o_simple, d4 d2 d2 c4 c3 c2 c2 c2 c2 c2 , 15.500735 14.542451 16.741695 16.741761 34.548178 17.806839 3.934689 15.364801 17.374407 16.952201,R1253v2,c2
R1253v2TS338_5o_simple, d4 d2 d2 c4 c3 c2 c2 c2 c2 c2 , 13.908473 13.522010 15.022335 15.022264 36.332994 16.559310 3.773038 15.789208 12.366609 16.123956,R1253v2,c2
R1253v2TS462_2o_simple, c8 c4 c3 c2 c2 , 10.634945 10.277378 15.736961 8.962873 40.668663,R1253v2,c2
R1253v2TS462_4o_simple, c8 c4 c3 c2 c2 , 10.431807 10.042525 15.507948 8.157894 39.093545,R1253v2,c2
R1254TS183_1o, d7 c7 c3 c2 c2 c2 c2 c2 c2 c2 , 19.316532 20.104991 23.280364 19.938405 19.829436 20.480571 20.456868 19.974087 2.309005 19.792891,R1254,c2
R1254TS183_4o, d7 c7 c2 c2 c2 c2 c2 c2 c2 , 15.877051 16.525349 14.227216 16.416071 18.622554 14.248161 16.380324 0.549863 18.657946,R1254,c2
R1254TS183_5o, d7 c7 c2 c2 c2 c2 c2 c2 c2 , 15.841227 16.488020 14.104116 16.401568 18.612841 14.078274 16.453337 1.738484 18.567168,R1254,c2
R1254TS189_3o, d7 c7 c2 c2 c2 c2 c2 c2 c2 , 22.186311 23.092206 1.593557 25.474095 25.362065 21.887082 21.684145 21.612855 22.053849,R1254,c2
R1254TS286_4o, d7 c7 c3 c2 c2 c2 c2 c2 c2 c2 , 16.642803 17.322379 23.072963 0.000005 15.710292 17.501351 18.622234 18.622234 17.501351 15.710292,R1254,c2
R1254TS286_5o, d7 c7 c2 c2 c2 c2 c2 c2 c2 , 12.948794 13.477532 0.000005 14.103080 14.103080 12.786668 13.501508 13.501508 12.786668,R1254,c2
R1254TS317_5o, c2 , 6.125495,R1254,c2
R1254TS338_1o, d7 c7 c3 c2 c2 c2 c2 c2 c2 c2 , 12.392406 12.898348 36.821042 6.606979 12.976728 14.307936 8.520011 9.217694 15.281950 13.794501,R1254,c2
R1254TS338_3o, d7 c7 c2 c2 c2 c2 c2 c2 c2 , 19.746799 20.552570 7.600495 21.481891 23.646559 17.734150 16.639155 21.834180 19.667161,R1254,c2
R1254TS338_5o, d7 c7 c3 c2 c2 c2 c2 c2 c2 c2 , 10.023809 10.431650 34.869789 7.790669 9.460478 10.170681 10.116438 10.106041 10.214381 9.526489,R1254,c2
R1254TS417_1o, c2 , 2.855074,R1254,c2
R1254TS417_2o, c2 , 0.303288,R1254,c2
R1254TS417_3o, d7 c7 c2 c2 c2 c2 c2 c2 c2 , 16.209197 16.871018 16.701357 17.454640 16.286383 16.495021 16.244472 2.043856 17.828713,R1254,c2
R1254TS417_4o, d7 c7 c2 c2 c2 c2 c2 c2 c2 , 16.135156 16.793975 16.559333 17.475824 16.249044 16.363758 16.313860 1.354334 17.660449,R1254,c2
R1254TS417_5o, d7 c7 c2 c2 c2 c2 c2 c2 c2 , 19.221715 20.006582 19.870139 19.718782 20.405914 20.405599 19.880645 1.093996 19.698620,R1254,c2
R1281TS028_3o, c3 c2 , 36.977715 1.712230,R1281,c2
R1281TS028_4o, c3 c2 , 39.559285 2.610511,R1281,c2
R1281TS028_5o, c3 c2 , 44.146443 3.102338,R1281,c2
R1281TS110_3o, c3 c2 , 37.500732 3.851140,R1281,c2
R1281TS110_4o, c3 c2 , 39.639699 2.680654,R1281,c2
R1281TS110_5o, c3 c2 , 38.086684 2.098103,R1281,c2
R1281TS143_1o, c3 c2 , 31.036655 3.129540,R1281,c2
R1281TS143_2o, c3 c2 , 35.369709 1.679327,R1281,c2
R1281TS143_3o, c3 c2 , 28.498102 2.915274,R1281,c2
R1281TS167_1o, c2 , 1.447779,R1281,c2
R1281TS167_2o, c3 c2 , 45.543170 1.591158,R1281,c2
R1281TS167_3o, c3 c2 , 47.211042 1.632630,R1281,c2
R1281TS167_4o, c3 c2 , 38.869904 3.040262,R1281,c2
R1281TS167_5o, c3 c2 , 39.539607 2.258318,R1281,c2
R1281TS183_2o, c3 c2 , 42.086640 7.849972,R1281,c2
R1281TS183_4o, c2 , 9.156930,R1281,c2
R1281TS189_2o, c2 , 2.694017,R1281,c2
R1281TS189_3o, c2 , 2.810409,R1281,c2
R1281TS208_3o, c3 c2 , 35.773273 2.495005,R1281,c2
R1281TS241_1o, c3 c2 , 38.301375 2.125085,R1281,c2
R1281TS241_2o, c3 c2 , 38.151059 3.274302,R1281,c2
R1281TS241_3o, c3 c2 , 44.216319 1.899027,R1281,c2
R1281TS241_4o, c3 c2 , 41.483458 2.039562,R1281,c2
R1281TS241_5o, c3 c2 , 40.896732 2.229330,R1281,c2
R1281TS262_1o, c3 c2 , 31.557257 5.026055,R1281,c2
R1281TS262_2o, c3 c2 , 28.030703 2.846959,R1281,c2
R1281TS262_3o, c3 c2 , 31.152412 3.318925,R1281,c2
R1281TS262_4o, c3 c2 , 31.557257 5.026055,R1281,c2
R1281TS262_5o, c3 c2 , 28.030703 2.846959,R1281,c2
R1281TS267_1o, c3 c2 , 31.371725 6.641065,R1281,c2
R1281TS267_2o, c3 c2 , 35.193649 1.475491,R1281,c2
R1281TS267_3o, c3 c2 , 37.122890 2.497615,R1281,c2
R1281TS267_4o, c3 c2 , 34.423985 2.334044,R1281,c2
R1281TS286_1o, c3 c2 , 41.951731 2.964026,R1281,c2
R1281TS286_3o, c3 c2 , 46.652951 2.548620,R1281,c2
R1281TS286_4o, c3 c2 , 44.222255 2.101373,R1281,c2
R1281TS294_1o, c2 , 0.000873,R1281,c2
R1281TS294_2o, c2 , 0.000876,R1281,c2
R1281TS294_3o, c3 c2 , 31.371725 6.641065,R1281,c2
R1281TS294_4o, c3 c2 , 35.193649 1.475491,R1281,c2
R1281TS294_5o, c3 c2 , 37.122890 2.497615,R1281,c2
R1281TS304_1o, c3 c2 , 37.145679 3.129102,R1281,c2
R1281TS304_2o, c3 c2 , 36.600771 2.266042,R1281,c2
R1281TS448_1o, c3 c2 , 31.036655 3.129540,R1281,c2
R1281TS448_2o, c3 c2 , 35.369709 1.679327,R1281,c2
R1281TS448_3o, c3 c2 , 28.498102 2.915274,R1281,c2
R1281TS481_1o, c3 c2 , 44.974208 1.735919,R1281,c2
R1281TS481_2o, c3 c2 , 37.449762 3.471294,R1281,c2
R1281TS481_3o, c3 c2 , 31.141699 0.402241,R1281,c2
R1281TS481_4o, c3 c2 , 32.685051 2.101189,R1281,c2
R1281TS481_5o, c3 c2 , 41.170467 4.404949,R1281,c2
R1283v2TS183_1o_simple, c3 c2 , 39.107507 2.933387,R1283v2,c2
R1283v2TS183_3o_simple, d2 c3 c2 c2 c2 , 10.602494 47.204215 12.968692 9.363893 9.014884,R1283v2,c2
R1283v2TS183_4o_simple, d2 c3 c2 c2 c2 , 10.902559 26.000724 13.337608 9.640937 9.246867,R1283v2,c2
R1283v2TS183_5o_simple, d2 c3 c2 c2 c2 , 15.435839 37.870915 18.899595 2.486004 18.746175,R1283v2,c2
R1283v2TS189_4o_simple, c4 c3 c2 , 15.461583 17.016642 7.395557,R1283v2,c2
R1283v2TS208_3o_simple, c4 c3 c2 , 31.823405 17.345339 4.260947,R1283v2,c2
R1283v2TS208_4o_simple, c4 c3 c2 , 10.117370 28.131905 4.535347,R1283v2,c2
R1283v2TS208_5o_simple, c4 c3 c2 , 20.250058 14.890719 6.502177,R1283v2,c2
R1283v2TS262_4o_simple, c4 c3 c2 , 19.985620 20.768777 6.567976,R1283v2,c2
R1283v2TS262_5o_simple, c4 c3 c2 , 10.280528 23.708693 7.692342,R1283v2,c2
R1283v2TS304_3o_simple, c4 c3 c2 , 26.300795 27.121759 6.175897,R1283v2,c2
R1283v2TS417_1o_simple, c4 c3 c2 , 26.254793 38.684779 8.931922,R1283v2,c2
R1283v2TS481_3o_simple, c2 , 0.000078,R1283v2,c2
R1283v2TS481_4o_simple, c2 , 0.000117,R1283v2,c2
R1283v3TS028_2o_simple, c8 c4 c3 c2 , 14.165823 14.657094 31.720933 8.241383,R1283v3,c2
R1283v3TS028_3o_simple, c8 c4 c3 c2 , 10.383460 10.367000 32.218100 6.739348,R1283v3,c2
R1283v3TS110_2o_simple, c8 c4 c3 c2 , 12.584651 12.760643 40.877775 8.778108,R1283v3,c2
R1283v3TS110_3o_simple, c8 c4 c3 c2 , 10.435018 10.804752 32.529235 7.364544,R1283v3,c2
R1283v3TS110_4o_simple, c8 c4 c3 c2 , 14.659814 14.052618 32.077854 5.961183,R1283v3,c2
R1283v3TS110_5o_simple, c8 c4 c2 , 33.412248 34.898105 9.359512,R1283v3,c2
R1283v3TS183_1o_simple, c2 , 4.647042,R1283v3,c2
R1283v3TS183_3o_simple, d2 c2 c2 c2 , 13.750473 16.831699 13.823126 9.634819,R1283v3,c2
R1283v3TS183_4o_simple, d2 c2 c2 c2 , 10.878837 13.295337 9.041935 9.824085,R1283v3,c2
R1283v3TS183_5o_simple, d4 d2 c2 c2 c2 , 46.523157 18.737247 22.808283 22.076317 6.712799,R1283v3,c2
R1283v3TS189_4o_simple, c4 c3 c2 , 16.170185 17.496553 9.411793,R1283v3,c2
R1283v3TS262_1o_simple, c8 c4 c3 c2 , 10.953343 10.132188 23.202741 7.023651,R1283v3,c2
R1283v3TS262_2o_simple, c8 c4 c3 c2 c2 , 13.245213 13.412990 20.140307 36.002436 8.583632,R1283v3,c2
R1283v3TS262_4o_simple, c8 c4 c3 c2 , 10.953343 10.132188 23.202741 7.023651,R1283v3,c2
R1283v3TS262_5o_simple, c8 c4 c3 c2 c2 , 13.245213 13.412990 20.140307 36.002436 8.583632,R1283v3,c2
R1283v3TS286_2o_simple, c2 , 0.000005,R1283v3,c2
R1283v3TS417_2o_simple, d4 d2 d2 c4 c2 c2 c2 c2 c2 , 14.413159 13.074917 15.567571 15.567837 16.012338 15.809705 14.073578 2.540674 16.487070,R1283v3,c2
R1283v3TS462_1o_simple, c8 c4 c3 c2 , 11.210991 11.680913 35.922430 9.771451,R1283v3,c2
R1283v3TS462_2o_simple, c8 c4 c3 c2 , 14.165823 14.657094 31.720933 8.241383,R1283v3,c2
R1283v3TS462_4o_simple, c8 c4 c3 c2 , 14.136015 12.444687 34.791217 8.139670,R1283v3,c2
R1283v3TS462_5o_simple, c8 c4 c3 c2 , 14.659814 14.052618 32.077854 5.961183,R1283v3,c2
R1285TS028_1o_simple, c3 c2 , 24.804234 4.088977,R1285,c2
R1285TS028_2o_simple, c3 c2 , 26.210508 1.904964,R1285,c2
R1285TS028_3o_simple, c3 c2 , 27.706438 2.858384,R1285,c2
R1285TS028_4o_simple, c3 c2 , 26.759007 1.829758,R1285,c2
R1285TS028_5o_simple, c3 c2 , 28.721854 2.337396,R1285,c2
R1285TS052_1o_simple, c3 c2 , 46.214625 2.102055,R1285,c2
R1285TS052_2o_simple, c3 c2 , 33.853430 2.416801,R1285,c2
R1285TS052_3o_simple, c3 c2 , 49.562066 0.855825,R1285,c2
R1285TS052_4o_simple, c3 c2 , 48.167860 0.763654,R1285,c2
R1285TS110_1o_simple, c3 c2 , 23.481288 4.316622,R1285,c2
R1285TS110_2o_simple, c3 c2 , 27.294438 1.745453,R1285,c2
R1285TS110_3o_simple, c3 c2 , 45.594694 1.320698,R1285,c2
R1285TS110_4o_simple, c3 c2 , 33.798173 2.096745,R1285,c2
R1285TS110_5o_simple, c3 c2 , 28.908465 1.856360,R1285,c2
R1285TS167_1o_simple, c3 c2 , 46.069292 2.357366,R1285,c2
R1285TS167_2o_simple, c3 c2 , 44.065742 2.462760,R1285,c2
R1285TS167_3o_simple, c3 c2 , 41.472006 1.663389,R1285,c2
R1285TS167_4o_simple, c3 c2 , 30.275358 2.283227,R1285,c2
R1285TS167_5o_simple, c3 c2 , 30.496999 2.318774,R1285,c2
R1285TS183_1o_simple, c3 c2 , 37.889451 7.658647,R1285,c2
R1285TS183_2o_simple, c3 c2 , 46.251123 2.576678,R1285,c2
R1285TS183_3o_simple, c3 c2 , 35.257188 0.178364,R1285,c2
R1285TS183_4o_simple, c3 c2 , 40.401753 7.253407,R1285,c2
R1285TS189_1o_simple, c3 c2 , 46.483681 1.899970,R1285,c2
R1285TS189_2o_simple, c3 c2 , 45.937932 2.197543,R1285,c2
R1285TS189_3o_simple, c3 c2 , 46.205293 2.153804,R1285,c2
R1285TS189_4o_simple, c3 c2 , 29.368886 3.342094,R1285,c2
R1285TS189_5o_simple, c3 c2 , 34.400491 3.383108,R1285,c2
R1285TS241_1o_simple, c3 c2 , 35.211226 1.535672,R1285,c2
R1285TS241_2o_simple, c3 c2 , 33.545221 2.503137,R1285,c2
R1285TS241_3o_simple, c3 c2 , 34.510272 2.551898,R1285,c2
R1285TS241_4o_simple, c3 c2 , 49.113155 1.706828,R1285,c2
R1285TS241_5o_simple, c3 c2 , 30.042223 3.006669,R1285,c2
R1285TS262_1o_simple, c3 c2 , 27.531043 3.324546,R1285,c2
R1285TS262_2o_simple, c3 c2 , 47.256352 3.472159,R1285,c2
R1285TS262_3o_simple, c3 c2 , 25.395542 4.106434,R1285,c2
R1285TS262_4o_simple, c3 c2 , 27.531043 3.324546,R1285,c2
R1285TS262_5o_simple, c3 c2 , 47.256352 3.472159,R1285,c2
R1285TS286_1o_simple, c3 c2 , 34.893492 2.656154,R1285,c2
R1285TS286_2o_simple, c3 c2 , 43.984977 2.662920,R1285,c2
R1285TS286_3o_simple, c3 c2 , 45.094722 2.181943,R1285,c2
R1285TS286_4o_simple, c3 c2 , 27.679996 2.017294,R1285,c2
R1285TS286_5o_simple, c3 c2 , 33.724716 3.486811,R1285,c2
R1285TS294_1o_simple, c3 c2 , 46.534990 1.970789,R1285,c2
R1285TS294_2o_simple, c3 c2 , 29.981229 2.173733,R1285,c2
R1285TS294_3o_simple, c3 c2 , 29.849176 2.491829,R1285,c2
R1285TS294_4o_simple, c3 c2 , 33.108871 2.595331,R1285,c2
R1285TS294_5o_simple, c3 c2 , 25.689084 2.924018,R1285,c2
R1285TS304_1o_simple, c3 c2 , 49.113155 1.706828,R1285,c2
R1285TS417_1o_simple, c3 c2 , 21.130777 5.244421,R1285,c2
R1285TS417_2o_simple, c3 c2 , 46.786411 9.483382,R1285,c2
R1285TS417_4o_simple, c3 c2 , 27.213069 4.256496,R1285,c2
R1285TS417_5o_simple, c3 c2 , 43.995631 1.859450,R1285,c2
R1285TS450_1o_simple, c3 c2 , 46.069292 2.357366,R1285,c2
R1285TS450_2o_simple, c3 c2 , 44.065742 2.462760,R1285,c2
R1285TS450_3o_simple, c3 c2 , 41.472006 1.663389,R1285,c2
R1285TS450_4o_simple, c3 c2 , 30.275358 2.283227,R1285,c2
R1285TS450_5o_simple, c3 c2 , 30.496999 2.318774,R1285,c2
R1285TS462_1o_simple, c3 c2 , 24.804234 4.088977,R1285,c2
R1285TS462_2o_simple, c3 c2 , 27.845746 3.327145,R1285,c2
R1285TS462_3o_simple, c3 c2 , 26.210508 1.904964,R1285,c2
R1285TS462_4o_simple, c3 c2 , 23.481288 4.316622,R1285,c2
R1285TS462_5o_simple, c3 c2 , 27.294438 1.745453,R1285,c2
R1285TS481_1o_simple, c3 c2 , 48.918846 2.430060,R1285,c2
R1285TS481_2o_simple, c3 c2 , 27.942817 2.793753,R1285,c2
R1285TS481_4o_simple, c2 , 0.003029,R1285,c2
R1285TS481_5o_simple, c3 c2 , 47.973408 0.002727,R1285,c2
R1290TS028_1o, c3 c2 , 31.781741 0.064783,R1290,c2
R1290TS028_2o, c3 c2 , 31.301760 0.063935,R1290,c2
R1290TS028_3o, c3 c2 , 31.526596 0.064426,R1290,c2
R1290TS028_4o, c3 c2 , 34.774699 0.067516,R1290,c2
R1290TS028_5o, c3 c2 , 35.102996 0.068088,R1290,c2
R1290TS052_1o, c3 c2 , 32.126681 2.143037,R1290,c2
R1290TS052_2o, c3 c2 , 38.102138 0.069256,R1290,c2
R1290TS052_3o, c3 c2 , 31.488774 2.079285,R1290,c2
R1290TS052_4o, c3 c2 , 33.313092 0.084248,R1290,c2
R1290TS052_5o, c3 c2 , 33.136397 0.104489,R1290,c2
R1290TS110_1o, c3 c2 , 32.056302 0.066939,R1290,c2
R1290TS110_2o, c3 c2 , 31.391207 0.066772,R1290,c2
R1290TS110_3o, c3 c2 , 35.047501 0.066517,R1290,c2
R1290TS110_4o, c3 c2 , 32.713211 0.065508,R1290,c2
R1290TS110_5o, c3 c2 , 31.327287 0.064646,R1290,c2
R1290TS143_1o, c3 c2 , 37.168808 0.076080,R1290,c2
R1290TS143_2o, c3 c2 , 37.208380 0.004178,R1290,c2
R1290TS143_3o, c3 c2 , 37.156636 0.074388,R1290,c2
R1290TS143_4o, c3 c2 , 35.140405 2.333866,R1290,c2
R1290TS167_1o, c3 c2 , 31.843945 1.935280,R1290,c2
R1290TS167_2o, c3 c2 , 37.666025 1.114293,R1290,c2
R1290TS167_3o, c3 c2 , 38.012454 1.167299,R1290,c2
R1290TS167_4o, c3 c2 , 36.304541 1.316582,R1290,c2
R1290TS167_5o, c3 c2 , 33.149781 3.658781,R1290,c2
R1290TS183_1o, c3 c2 , 30.257622 0.069687,R1290,c2
R1290TS183_2o, c3 c2 , 34.415201 0.075702,R1290,c2
R1290TS183_3o, c3 c2 , 35.835229 0.076572,R1290,c2
R1290TS183_4o, c3 c2 , 36.584327 0.077439,R1290,c2
R1290TS183_5o, c3 c2 , 35.365211 0.076701,R1290,c2
R1290TS189_1o, c3 c2 , 35.006883 4.528886,R1290,c2
R1290TS189_2o, c3 c2 , 32.565939 2.940382,R1290,c2
R1290TS189_3o, c3 c2 , 29.622942 2.921109,R1290,c2
R1290TS189_4o, c3 c2 , 33.075422 2.195229,R1290,c2
R1290TS189_5o, c3 c2 , 34.185316 2.232858,R1290,c2
R1290TS241_1o, c3 c2 , 37.915117 1.586402,R1290,c2
R1290TS241_2o, c3 c2 , 32.075340 2.247361,R1290,c2
R1290TS241_3o, c3 c2 , 30.293108 1.624020,R1290,c2
R1290TS241_4o, c3 c2 , 28.430559 3.156127,R1290,c2
R1290TS241_5o, c3 c2 , 31.082384 2.080713,R1290,c2
R1290TS262_1o, c3 c2 , 35.820196 0.074141,R1290,c2
R1290TS262_2o, c3 c2 , 35.757724 0.091155,R1290,c2
R1290TS262_3o, c3 c2 , 35.763444 0.073898,R1290,c2
R1290TS262_4o, c3 c2 , 35.714870 0.073823,R1290,c2
R1290TS262_5o, c3 c2 , 32.869285 0.886324,R1290,c2
R1290TS272_1o, c3 c2 , 31.858443 3.148325,R1290,c2
R1290TS272_2o, c3 c2 , 33.177160 0.976651,R1290,c2
R1290TS272_3o, c3 c2 , 33.330286 0.682217,R1290,c2
R1290TS272_4o, c2 , 0.000517,R1290,c2
R1290TS272_5o, c3 c2 , 34.182231 0.000504,R1290,c2
R1290TS286_1o, c3 c2 , 36.370771 0.573122,R1290,c2
R1290TS286_2o, c3 c2 , 36.327496 0.544168,R1290,c2
R1290TS286_3o, c3 c2 , 36.304732 0.627561,R1290,c2
R1290TS286_4o, c3 c2 , 36.259068 0.578214,R1290,c2
R1290TS286_5o, c3 c2 , 36.343240 0.623745,R1290,c2
R1290TS294_1o, c3 c2 , 34.710958 0.081640,R1290,c2
R1290TS294_2o, c3 c2 , 34.571605 0.262496,R1290,c2
R1290TS294_3o, c3 c2 , 34.560004 0.262431,R1290,c2
R1290TS294_5o, c3 c2 , 37.030061 0.077706,R1290,c2
R1290TS417_1o, c3 c2 , 31.067530 2.503150,R1290,c2
R1290TS417_2o, c3 c2 , 31.770377 2.227744,R1290,c2
R1290TS417_3o, c3 c2 , 31.239150 1.968574,R1290,c2
R1290TS417_4o, c3 c2 , 32.223453 1.710811,R1290,c2
R1290TS417_5o, c3 c2 , 32.179377 1.708245,R1290,c2
R1290TS448_1o, c3 c2 , 37.168808 0.076080,R1290,c2
R1290TS448_2o, c3 c2 , 37.208380 0.004178,R1290,c2
R1290TS448_3o, c3 c2 , 37.156636 0.074388,R1290,c2
R1290TS448_4o, c3 c2 , 35.140405 2.333866,R1290,c2
R1290TS450_1o, c3 c2 , 31.843945 1.935280,R1290,c2
R1290TS450_2o, c3 c2 , 37.666025 1.114293,R1290,c2
R1290TS450_3o, c3 c2 , 38.012454 1.167299,R1290,c2
R1290TS450_4o, c3 c2 , 36.304541 1.316582,R1290,c2
R1290TS450_5o, c3 c2 , 33.149781 3.658781,R1290,c2
R1290TS462_1o, c3 c2 , 31.301760 0.063935,R1290,c2
R1290TS462_2o, c3 c2 , 31.594908 0.064446,R1290,c2
R1290TS462_3o, c3 c2 , 32.056302 0.066939,R1290,c2
R1290TS462_4o, c3 c2 , 31.781741 0.064783,R1290,c2
R1290TS462_5o, c3 c2 , 31.391207 0.066772,R1290,c2
R1290TS481_1o, c3 c2 , 33.564702 2.222307,R1290,c2
R1290TS481_2o, c3 c2 , 33.827355 2.237724,R1290,c2
R1290TS481_3o, c3 c2 , 33.671990 2.227166,R1290,c2
R1290TS481_4o, c3 c2 , 33.403954 2.207652,R1290,c2
R1290TS481_5o, c3 c2 , 33.526205 2.210954,R1290,c2
R1252TS183_1o_simple, c3 , 4.499613,R1252,c3
R1252TS189_4o_simple, c3 , 9.143255,R1252,c3
R1253v1TS262_3o_simple, c8 c4 c3 c2 , 10.183405 9.959786 19.711821 3.958854,R1253v1,c4
R1253v2TS110_3o_simple, c8 c4 c3 c2 c2 , 10.329197 7.384562 18.126515 7.145626 34.455817,R1253v2,c4
R1253v2TS262_3o_simple, c8 c4 c3 c2 , 10.183405 9.959786 19.711821 3.958854,R1253v2,c4
R1283v2TS028_1o_simple, c4 c3 c2 , 3.828870 30.299150 3.618893,R1283v2,c4
R1283v2TS028_2o_simple, c4 c3 c2 , 7.114154 29.555299 5.264753,R1283v2,c4
R1283v2TS028_3o_simple, c4 c3 c2 , 5.943071 28.813527 5.935039,R1283v2,c4
R1283v2TS028_4o_simple, c4 c3 c2 , 5.029422 27.590625 3.455804,R1283v2,c4
R1283v2TS028_5o_simple, c4 c3 c2 , 6.143745 29.360621 5.028131,R1283v2,c4
R1283v2TS052_1o_simple, c4 c3 c2 , 4.784068 29.337622 4.186145,R1283v2,c4
R1283v2TS110_1o_simple, c4 c3 c2 , 6.448826 28.877419 4.330540,R1283v2,c4
R1283v2TS110_2o_simple, c4 c3 c2 , 5.022729 29.905868 2.650978,R1283v2,c4
R1283v2TS110_3o_simple, c4 c3 c2 , 9.734834 32.553865 6.892281,R1283v2,c4
R1283v2TS110_4o_simple, c4 c3 c2 , 4.384406 29.930598 4.131594,R1283v2,c4
R1283v2TS110_5o_simple, c4 c3 c2 , 3.904326 28.354756 3.668141,R1283v2,c4
R1283v2TS167_1o_simple, c4 c3 c2 , 6.907656 30.065262 7.012075,R1283v2,c4
R1283v2TS167_2o_simple, c4 c3 c2 , 7.648098 32.969655 7.501179,R1283v2,c4
R1283v2TS167_3o_simple, c4 c3 c2 , 4.577379 29.125693 4.629926,R1283v2,c4
R1283v2TS167_4o_simple, c4 c3 c2 , 8.067036 26.374471 6.273955,R1283v2,c4
R1283v2TS167_5o_simple, c4 c3 c2 , 7.957224 29.447022 6.943523,R1283v2,c4
R1283v2TS189_3o_simple, c4 c3 c2 , 9.717494 29.963095 7.081459,R1283v2,c4
R1283v2TS189_5o_simple, c4 c3 c2 , 5.639520 25.416767 4.455703,R1283v2,c4
R1283v2TS241_1o_simple, c4 c3 c2 , 8.471832 28.180636 7.574750,R1283v2,c4
R1283v2TS241_2o_simple, c4 c3 c2 , 3.502362 28.754316 3.769517,R1283v2,c4
R1283v2TS241_3o_simple, c4 c3 c2 , 9.360328 33.261434 5.489498,R1283v2,c4
R1283v2TS241_4o_simple, c4 c3 c2 , 7.629061 29.592503 4.245180,R1283v2,c4
R1283v2TS262_1o_simple, c4 c3 c2 , 6.511405 34.011377 6.520331,R1283v2,c4
R1283v2TS262_2o_simple, c4 c3 c2 , 5.283237 27.596823 4.111200,R1283v2,c4
R1283v2TS286_1o_simple, c4 c3 c2 , 9.562497 30.458313 6.477353,R1283v2,c4
R1283v2TS286_4o_simple, c4 c3 c2 , 7.996069 32.600639 6.484816,R1283v2,c4
R1283v2TS286_5o_simple, c4 c3 c2 , 6.684111 29.921445 5.026930,R1283v2,c4
R1283v2TS294_1o_simple, c4 c3 c2 , 5.863689 30.469603 4.867734,R1283v2,c4
R1283v2TS294_2o_simple, c4 c3 c2 , 5.185243 25.628339 4.100259,R1283v2,c4
R1283v2TS294_3o_simple, c4 c3 c2 , 3.468308 27.596487 3.428714,R1283v2,c4
R1283v2TS294_4o_simple, c4 c3 c2 , 5.725452 27.515072 3.273582,R1283v2,c4
R1283v2TS304_1o_simple, c4 c3 c2 , 7.441398 34.970455 4.911665,R1283v2,c4
R1283v2TS304_2o_simple, c4 c3 c2 , 6.191519 24.343701 5.066340,R1283v2,c4
R1283v2TS304_4o_simple, c4 c3 c2 , 9.360328 33.261434 5.489498,R1283v2,c4
R1283v2TS417_2o_simple, c4 c3 c2 , 9.037305 23.634051 4.384580,R1283v2,c4
R1283v2TS417_3o_simple, c4 c3 c2 , 4.273209 27.691856 3.651449,R1283v2,c4
R1283v2TS417_4o_simple, c4 c3 c2 , 9.748664 30.350902 7.334691,R1283v2,c4
R1283v2TS417_5o_simple, c4 c3 c2 , 7.108630 31.720608 6.746099,R1283v2,c4
R1283v2TS450_1o_simple, c4 c3 c2 , 6.907656 30.065262 7.012075,R1283v2,c4
R1283v2TS450_2o_simple, c4 c3 c2 , 7.648098 32.969655 7.501179,R1283v2,c4
R1283v2TS450_3o_simple, c4 c3 c2 , 4.577379 29.125693 4.629926,R1283v2,c4
R1283v2TS450_4o_simple, c4 c3 c2 , 8.067036 26.374471 6.273955,R1283v2,c4
R1283v2TS450_5o_simple, c4 c3 c2 , 7.957224 29.447022 6.943523,R1283v2,c4
R1283v2TS462_1o_simple, c4 c3 c2 , 6.125751 29.467264 5.527789,R1283v2,c4
R1283v2TS462_2o_simple, c4 c3 c2 , 5.330551 32.267308 4.214257,R1283v2,c4
R1283v2TS462_3o_simple, c4 c3 c2 , 3.828870 29.171688 3.618893,R1283v2,c4
R1283v2TS462_4o_simple, c4 c3 c2 , 4.402742 27.741951 3.541122,R1283v2,c4
R1283v2TS462_5o_simple, c4 c3 c2 , 6.448826 28.236989 4.330540,R1283v2,c4
R1283v2TS481_1o_simple, c4 c3 c2 , 0.000580 35.115380 0.000097,R1283v2,c4
R1283v2TS481_2o_simple, c4 c3 c2 , 0.000580 37.423111 0.000097,R1283v2,c4
R1283v2TS481_5o_simple, c4 c3 c2 , 5.206277 28.866189 5.356899,R1283v2,c4
R1283v3TS028_4o_simple, c8 c4 c3 c2 , 10.957785 9.604304 31.790540 7.458838,R1283v3,c4
R1283v3TS481_1o_simple, c4 c2 , 0.000581 0.000112,R1283v3,c4
R1283v3TS481_2o_simple, d4 c4 c2 , 47.214995 0.000581 0.000104,R1283v3,c4
R1250TS167_1o_simple, c6 c3 c2 , 9.281162 9.262111 8.086874,R1250,c6
R1250TS189_4o_simple, c6 c3 c2 , 6.518056 6.495018 5.086834,R1250,c6
R1250TS241_3o_simple, c6 c3 c2 , 5.783475 6.165166 4.557450,R1250,c6
R1250TS262_3o_simple, c6 c3 c2 , 8.319571 9.286409 1.369381,R1250,c6
R1250TS294_1o_simple, c6 c3 c2 , 0.000483 0.000540 0.000005,R1250,c6
R1250TS294_2o_simple, c6 c3 c2 , 0.000361 0.000005 0.000466,R1250,c6
R1250TS294_3o_simple, c6 c3 c2 , 0.000368 0.000411 0.000004,R1250,c6
R1250TS450_1o_simple, c6 c3 c2 , 9.281162 9.262111 8.086874,R1250,c6
R1250TS481_1o_simple, c6 c3 c2 , 0.000609 0.000641 0.000470,R1250,c6
R1250TS481_3o_simple, c6 c3 c2 , 0.000834 0.000822 0.000883,R1250,c6
R1250TS481_5o_simple, c6 c3 c2 , 7.080234 6.560934 6.970392,R1250,c6
R1252TS052_1o_simple, c6 c3 c2 , 5.152405 5.002602 4.752729,R1252,c6
R1252TS052_2o_simple, c6 c3 c2 , 5.020305 5.174413 4.828508,R1252,c6
R1252TS052_4o_simple, c6 c3 c2 , 8.901316 8.923707 7.555174,R1252,c6
R1252TS052_5o_simple, c6 c3 c2 , 4.321996 4.370116 4.034005,R1252,c6
R1252TS167_1o_simple, c6 c3 c2 , 3.971887 4.063263 3.059209,R1252,c6
R1252TS167_2o_simple, c6 c3 c2 , 4.812757 5.142745 3.203037,R1252,c6
R1252TS167_3o_simple, c6 c3 c2 , 6.566471 7.162000 3.408713,R1252,c6
R1252TS167_4o_simple, c6 c3 c2 , 5.470948 5.312389 5.119987,R1252,c6
R1252TS208_1o_simple, c6 c3 c2 , 5.369228 5.401374 4.215784,R1252,c6
R1252TS208_2o_simple, c6 c3 c2 , 4.487158 4.622040 4.428584,R1252,c6
R1252TS208_5o_simple, c6 c3 c2 , 5.246153 5.197024 3.900121,R1252,c6
R1252TS235_1o_simple, c6 c3 c2 , 8.538931 8.846405 6.668986,R1252,c6
R1252TS235_2o_simple, c6 c3 c2 , 8.538931 8.846405 6.668986,R1252,c6
R1252TS235_3o_simple, c6 c3 c2 , 8.538931 8.846405 6.668986,R1252,c6
R1252TS235_4o_simple, c6 c3 c2 , 5.213056 5.505012 4.185595,R1252,c6
R1252TS241_2o_simple, c6 c3 c2 , 8.967911 9.367573 7.014471,R1252,c6
R1252TS262_1o_simple, c6 c3 c2 , 6.132545 5.733006 6.161360,R1252,c6
R1252TS262_2o_simple, c6 c3 c2 , 4.608482 4.948554 3.609275,R1252,c6
R1252TS262_3o_simple, c6 c3 c2 , 8.013042 8.041816 8.178377,R1252,c6
R1252TS262_4o_simple, c6 c3 c2 , 8.212447 8.508472 5.690451,R1252,c6
R1252TS272_1o_simple, c6 c3 c2 , 0.000764 0.000821 0.000873,R1252,c6
R1252TS272_2o_simple, c6 c3 c2 , 0.000978 0.001038 0.001087,R1252,c6
R1252TS272_3o_simple, c6 c3 c2 , 0.001044 0.001105 0.001154,R1252,c6
R1252TS272_4o_simple, c6 c3 c2 , 0.000883 0.000937 0.000978,R1252,c6
R1252TS272_5o_simple, c6 c3 c2 , 0.000780 0.000834 0.000886,R1252,c6
R1252TS294_1o_simple, c6 c3 c2 , 8.077843 7.698377 6.893367,R1252,c6
R1252TS294_2o_simple, c6 c3 c2 , 8.528331 8.695612 6.770302,R1252,c6
R1252TS294_3o_simple, c6 c3 c2 , 9.519174 10.162927 7.243029,R1252,c6
R1252TS294_4o_simple, c6 c3 c2 , 4.552942 4.653703 3.677288,R1252,c6
R1252TS304_2o_simple, c6 c3 c2 , 6.344197 6.196253 6.069810,R1252,c6
R1252TS304_3o_simple, c6 c3 c2 , 6.397826 6.329795 5.429991,R1252,c6
R1252TS338_1o_simple, c6 c3 c2 , 6.523006 6.754030 6.185466,R1252,c6
R1252TS450_1o_simple, c6 c3 c2 , 3.971887 4.063263 3.059209,R1252,c6
R1252TS450_2o_simple, c6 c3 c2 , 4.812757 5.142745 3.203037,R1252,c6
R1252TS450_3o_simple, c6 c3 c2 , 6.566471 7.162000 3.408713,R1252,c6
R1252TS450_4o_simple, c6 c3 c2 , 5.470948 5.312389 5.119987,R1252,c6
R1252TS462_2o_simple, c6 c3 c2 , 9.320676 9.554015 7.935831,R1252,c6
R1252TS462_5o_simple, c6 c3 c2 , 3.890622 3.910180 3.095072,R1252,c6
R1252TS481_1o_simple, c6 c3 c2 , 0.000585 0.000581 0.000605,R1252,c6
R1252TS481_2o_simple, c6 c3 c2 , 0.000563 0.000576 0.000501,R1252,c6
R1252TS481_3o_simple, c6 c3 c2 , 0.000567 0.000578 0.000526,R1252,c6
R1251TS294_3o, d7 c7 c3 c2 c2 c2 c2 c2 c2 c2 , 18.774010 0.000678 46.150470 25.584662 25.584662 25.584662 25.584662 25.584662 25.584662 25.584662,R1251,c7
R1254TS189_1o, c7 c3 , 9.767397 19.703424,R1254,c7
R1254TS189_5o, c7 c3 , 9.194279 19.097289,R1254,c7
R1254TS262_1o, d7 c7 c3 , 45.136196 3.859558 26.984046,R1254,c7
R1254TS262_2o, d7 c7 c3 , 45.136196 3.859558 26.984046,R1254,c7
R1254TS262_3o, d7 c7 c3 , 45.136196 3.859558 26.984046,R1254,c7
R1254TS262_4o, d7 c7 c3 , 45.136196 3.859558 26.984046,R1254,c7
R1254TS262_5o, d7 c7 c3 , 45.136196 3.859558 26.984046,R1254,c7
R1254TS294_3o, d7 c7 c3 c2 c2 c2 c2 c2 c2 c2 , 25.352843 0.006814 36.233806 34.550100 34.550100 34.550101 34.550101 34.550100 34.550100 34.550100,R1254,c7
R1253v1TS028_1o_simple, c8 c4 c3 c2 c2 , 5.976443 5.924463 14.807868 5.574852 33.174258,R1253v1,c8
R1253v1TS028_2o_simple, c8 c4 c3 c2 c2 , 6.042072 5.829596 15.055568 5.437194 33.382620,R1253v1,c8
R1253v1TS028_3o_simple, c8 c4 c3 c2 , 5.759152 5.685809 14.685666 5.372655,R1253v1,c8
R1253v1TS028_4o_simple, c8 c4 c3 c2 c2 , 5.960001 5.784832 14.707296 5.392982 33.181523,R1253v1,c8
R1253v1TS028_5o_simple, c8 c4 c3 c2 c2 , 8.191934 8.223680 17.781490 37.303927 6.853830,R1253v1,c8
R1253v1TS110_1o_simple, c8 c4 c3 c2 c2 , 5.908010 5.737513 14.678383 5.266081 33.040887,R1253v1,c8
R1253v1TS110_2o_simple, c8 c4 c3 c2 c2 , 5.858234 5.891081 14.922222 5.267722 33.767782,R1253v1,c8
R1253v1TS110_3o_simple, c8 c4 c3 c2 , 5.978406 5.847236 14.597769 5.314358,R1253v1,c8
R1253v1TS110_4o_simple, c8 c4 c3 c2 c2 , 6.126593 5.849247 14.891745 5.354526 33.315060,R1253v1,c8
R1253v1TS110_5o_simple, c8 c4 c3 c2 c2 , 8.917538 8.626340 15.542567 8.172031 38.134878,R1253v1,c8
R1253v1TS241_2o_simple, c8 c4 c3 c2 c2 , 9.584882 9.985900 17.887692 8.205554 46.917271,R1253v1,c8
R1253v1TS272_1o_simple, c8 c4 c3 c2 , 0.001492 0.001551 24.695121 0.001579,R1253v1,c8
R1253v1TS272_2o_simple, c8 c4 c3 c2 , 0.000899 0.000946 25.262372 0.001024,R1253v1,c8
R1253v1TS272_3o_simple, c8 c4 c3 c2 , 0.001358 0.001421 23.667204 0.001494,R1253v1,c8
R1253v1TS272_4o_simple, c8 c4 c3 c2 , 0.001110 0.001163 24.340134 0.001226,R1253v1,c8
R1253v1TS272_5o_simple, c8 c4 c3 c2 , 0.001073 0.001120 29.561390 0.001165,R1253v1,c8
R1253v1TS294_1o_simple, c8 c4 c3 c2 , 7.496753 7.181400 19.226981 7.057342,R1253v1,c8
R1253v1TS304_2o_simple, c8 c4 c3 c2 c2 , 8.778597 8.957237 18.133488 31.635442 8.315193,R1253v1,c8
R1253v1TS462_1o_simple, c8 c4 c3 c2 c2 , 5.908010 5.737513 14.678383 5.266081 33.040887,R1253v1,c8
R1253v1TS462_2o_simple, c8 c4 c3 c2 , 5.759152 5.685809 14.685666 5.372655,R1253v1,c8
R1253v1TS462_3o_simple, c8 c4 c3 c2 c2 , 5.976443 5.924463 14.807868 5.574852 33.174258,R1253v1,c8
R1253v1TS462_4o_simple, c8 c4 c3 c2 c2 , 5.858234 5.891081 14.922222 5.267722 33.767782,R1253v1,c8
R1253v1TS462_5o_simple, c8 c4 c3 c2 c2 , 6.042072 5.829596 15.055568 5.437194 33.382620,R1253v1,c8
R1253v1TS481_1o_simple, c8 c4 c3 c2 , 0.000501 0.000375 27.179071 0.000425,R1253v1,c8
R1253v1TS481_2o_simple, c8 c4 c3 c2 , 0.000607 0.000645 25.829934 0.000620,R1253v1,c8
R1253v2TS028_2o_simple, c8 c4 c3 c2 c2 , 8.924690 8.274027 22.895116 7.761631 37.567487,R1253v2,c8
R1253v2TS028_3o_simple, c8 c4 c3 c2 c2 , 7.979426 7.441148 16.063182 7.555620 39.938828,R1253v2,c8
R1253v2TS028_4o_simple, c8 c4 c3 c2 c2 , 7.443332 6.834770 12.933153 6.104792 30.962912,R1253v2,c8
R1253v2TS110_1o_simple, c8 c4 c3 c2 c2 , 9.044314 9.254540 16.032079 9.056374 37.905947,R1253v2,c8
R1253v2TS110_5o_simple, c8 c4 c3 c2 c2 , 9.044314 9.254540 16.032079 9.056374 37.905947,R1253v2,c8
R1253v2TS167_1o_simple, c8 c4 c3 c2 , 8.032911 7.584794 15.790661 7.193414,R1253v2,c8
R1253v2TS272_1o_simple, c8 c4 c3 c2 , 0.000883 0.000929 26.569361 0.001011,R1253v2,c8
R1253v2TS272_2o_simple, c8 c4 c3 c2 , 0.000953 0.001002 26.019284 0.001078,R1253v2,c8
R1253v2TS272_3o_simple, c8 c4 c3 c2 , 0.001921 0.002002 29.713101 0.002049,R1253v2,c8
R1253v2TS272_4o_simple, c8 c4 c3 c2 , 0.001824 0.001905 28.814513 0.001982,R1253v2,c8
R1253v2TS272_5o_simple, c8 c4 c3 c2 , 0.001135 0.001191 28.781789 0.001266,R1253v2,c8
R1253v2TS286_3o_simple, c8 c4 c3 c2 c2 , 8.326228 8.539943 19.992885 7.559550 35.108497,R1253v2,c8
R1253v2TS294_1o_simple, c8 c4 c3 c2 , 9.380112 9.826085 17.897148 10.079141,R1253v2,c8
R1253v2TS417_5o_simple, c8 c4 c3 c2 , 9.798633 9.278188 15.558483 8.084582,R1253v2,c8
R1253v2TS450_1o_simple, c8 c4 c3 c2 , 8.032911 7.584794 15.790661 7.193414,R1253v2,c8
R1253v2TS462_1o_simple, c8 c4 c3 c2 c2 , 9.044314 9.254540 16.032079 9.056374 37.905947,R1253v2,c8
R1253v2TS462_3o_simple, c8 c4 c3 c2 c2 , 8.924690 8.274027 22.895116 7.761631 37.567487,R1253v2,c8
R1253v2TS462_5o_simple, c8 c4 c3 c2 c2 , 7.979426 7.441148 16.063182 7.555620 39.938828,R1253v2,c8
R1253v2TS481_1o_simple, c8 c4 c3 c2 , 0.000606 0.000641 32.129828 0.000554,R1253v2,c8
R1253v2TS481_2o_simple, d2 c8 c4 c3 c2 , 42.321875 0.000606 0.000641 32.248818 0.000628,R1253v2,c8
R1253v2TS481_3o_simple, c8 c4 c3 c2 , 0.000583 0.000591 28.304174 0.000690,R1253v2,c8
R1283v3TS110_1o_simple, c8 c4 c3 c2 , 9.211730 9.614785 28.872338 6.966044,R1283v3,c8
R1283v3TS462_3o_simple, c8 c4 c3 c2 , 8.276073 8.684611 33.073858 5.175988,R1283v3,c8
R1283v3TS481_3o_simple, c8 c4 c3 c2 , 6.979824 6.893093 19.581039 7.329721,R1283v3,c8
R1283v3TS481_4o_simple, c8 c4 c3 c2 , 0.000594 0.000615 28.330493 0.000493,R1283v3,c8
R1253v1TS183_5o_simple, d4 d2 d2 c4 c2 c2 c2 c2 c2 , 26.709108 9.915241 28.849077 28.849030 12.143052 12.039746 34.386246 1.589201 34.159193,R1253v1,d2
R1253v1TS338_1o_simple, d4 d2 d2 c4 c3 c2 c2 c2 c2 c2 , 13.297148 7.037418 14.364729 14.362541 35.175347 8.618778 1.248822 16.559423 8.528356 16.427518,R1253v1,d2
R1253v1TS338_2o_simple, d4 d2 d2 c4 c3 c2 c2 c2 c2 c2 , 13.355557 7.805769 14.425358 14.425428 38.458613 9.558495 4.276487 15.913540 8.551888 16.721988,R1253v1,d2
R1253v2TS338_1o_simple, d4 d2 d2 c4 c3 c2 c2 c2 c2 c2 , 13.297148 7.037418 14.364729 14.362541 35.175347 8.618778 1.248822 16.559423 8.528356 16.427518,R1253v2,d2
R1253v2TS338_2o_simple, d4 d2 d2 c4 c3 c2 c2 c2 c2 c2 , 13.355557 7.805769 14.425358 14.425428 38.458613 9.558495 4.276487 15.913540 8.551888 16.721988,R1253v2,d2
R1283v3TS189_5o_simple, d4 d2 d2 c4 c3 c2 c2 c2 c2 c2 , 15.584457 9.030674 16.831909 16.832466 18.277819 11.055521 7.047912 18.509958 19.619437 8.529425,R1283v3,d2
R1283v3TS286_3o_simple, d4 d2 d2 c4 c3 c2 c2 c2 c2 c2 , 35.007487 9.436873 37.799385 37.799085 19.804713 11.557762 0.000004 45.565740 11.557762 45.565740,R1283v3,d2
R1283v3TS417_1o_simple, d4 d2 d2 c4 c2 c2 c2 c2 c2 , 24.777557 26.762051 8.971017 26.762386 10.982534 32.141496 31.541608 5.236555 9.662240,R1283v3,d2
R1250TS294_4o_simple, d3 c3 c2 c2 c2 , 5.381170 6.016242 6.723064 2.424292 4.615985,R1250,d3
R1250TS294_5o_simple, d3 c3 c2 c2 c2 , 8.550690 9.559575 5.457216 10.895786 5.847701,R1250,d3
R1250TS481_2o_simple, d3 c3 c2 c2 c2 , 0.320448 0.358271 0.000975 0.358271 0.358270,R1250,d3
R1250TS481_4o_simple, d3 c3 c2 c2 c2 , 1.575760 1.761753 0.001005 1.761731 1.761722,R1250,d3
R1252TS183_2o_simple, d3 c3 c2 c2 c2 , 6.427758 7.186119 6.051073 2.748168 7.689262,R1252,d3
R1252TS183_5o_simple, d3 c3 c2 c2 c2 , 5.675338 6.344698 2.573980 6.483304 5.644917,R1252,d3
R1252TS338_3o_simple, d3 c3 c2 c2 c2 , 7.262908 8.118581 6.701174 5.150292 7.774044,R1252,d3
R1252TS481_4o_simple, d3 c3 c2 c2 c2 , 2.394410 2.677031 0.000712 2.676929 2.676916,R1252,d3
R1252TS481_5o_simple, d3 c3 c2 c2 c2 , 0.391888 0.438144 0.000751 0.438142 0.438145,R1252,d3
R1253v1TS183_1o_simple, d4 d2 d2 c4 c2 c2 c2 c2 c2 , 6.071096 5.890757 6.556979 6.557115 7.213321 6.673492 6.339747 2.745060 6.062495,R1253v1,d4
R1253v1TS183_2o_simple, d4 d2 d2 c4 c3 c2 c2 c2 c2 c2 , 7.158490 5.100914 7.731468 7.731743 28.242476 6.245627 4.509871 8.341534 4.325576 8.410134,R1253v1,d4
R1253v1TS481_3o_simple, d4 d2 d2 c4 c3 c2 c2 c2 c2 c2 , 0.000584 0.000629 0.000629 0.000111 36.133972 0.000110 0.000766 0.000766 0.000766 0.000766,R1253v1,d4
R1253v1TS481_4o_simple, d4 d2 d2 c4 c3 c2 c2 c2 c2 c2 , 0.000568 0.000613 0.000613 0.000061 30.797398 0.000066 0.000749 0.000749 0.000749 0.000749,R1253v1,d4
R1253v2TS183_1o_simple, d4 d2 d2 c4 c2 c2 c2 c2 c2 , 4.237632 4.032726 4.577142 4.577097 4.938906 1.370419 4.150616 4.607337 4.745255,R1253v2,d4
R1253v2TS183_2o_simple, d4 d2 d2 c4 c2 c2 c2 c2 c2 , 7.027334 6.677287 7.589611 7.589694 8.175932 7.139757 7.675325 3.992025 6.858789,R1253v2,d4
R1253v2TS183_3o_simple, d4 d2 d2 c4 c3 c2 c2 c2 c2 c2 , 4.499472 3.457451 4.859943 4.859961 35.445929 4.234377 1.081814 5.243117 5.043429 4.094095,R1253v2,d4
R1253v2TS183_4o_simple, d4 d2 d2 c4 c2 c2 c2 c2 c2 , 5.622818 4.405685 6.073105 6.073210 5.395165 2.457937 6.181323 6.582278 4.804245,R1253v2,d4
R1253v2TS183_5o_simple, d4 d2 d2 c4 c3 c2 c2 c2 c2 c2 , 6.960374 5.957267 7.517910 7.517559 34.494820 7.294932 3.414900 7.972687 7.263669 6.448681,R1253v2,d4
R1253v2TS481_4o_simple, d4 d2 d2 c4 c3 c2 c2 c2 c2 c2 , 0.000671 0.000609 0.000599 0.000589 42.114149 0.000202 0.000732 0.000720 0.000732 0.000720,R1253v2,d4
R1253v2TS481_5o_simple, d4 d2 d2 c4 c3 c2 c2 c2 c2 c2 , 0.000508 0.000546 0.000546 0.000152 41.292963 0.000166 0.000658 0.000658 0.000658 0.000659,R1253v2,d4
R1283v3TS286_1o_simple, d4 d2 d2 c4 c3 c2 c2 c2 c2 c2 , 9.453807 6.326239 10.163701 10.163698 30.647697 7.748029 0.000007 11.177387 11.177387 7.748029,R1283v3,d4
R1283v3TS286_4o_simple, d4 d2 d2 c4 c2 c2 c2 c2 c2 , 7.912055 6.112900 8.546006 8.545996 7.486743 0.000004 9.028757 9.028757 7.486743,R1283v3,d4
R1283v3TS286_5o_simple, d4 d2 d2 c4 c2 c2 c2 c2 c2 , 6.336522 4.270967 6.782487 6.782484 5.230845 0.000004 7.437880 5.230845 7.437880,R1283v3,d4
R1283v3TS417_3o_simple, d4 d2 d2 c4 c3 c2 c2 c2 c2 c2 , 7.881775 8.511802 7.937770 8.511187 29.905101 9.716975 9.138832 6.831128 6.920895 6.277572,R1283v3,d4
R1251TS286_1o, d7 c7 c3 c2 c2 c2 c2 c2 c2 c2 , 0.001042 0.001085 39.773367 0.000007 0.001033 0.001086 0.001133 0.001133 0.001086 0.001033,R1251,d7
R1251TS286_2o, d7 c7 c3 c2 c2 c2 c2 c2 c2 c2 , 0.001052 0.001095 38.777795 0.000007 0.001031 0.001096 0.001154 0.001154 0.001096 0.001031,R1251,d7
R1251TS286_3o, d7 c7 c3 c2 c2 c2 c2 c2 c2 c2 , 0.001090 0.001135 48.643134 0.000005 0.001063 0.001141 0.001195 0.001195 0.001141 0.001063,R1251,d7
R1251TS286_4o, d7 c7 c3 c2 c2 c2 c2 c2 c2 c2 , 0.000977 0.001016 44.406725 0.000005 0.001026 0.001014 0.001010 0.001010 0.001014 0.001026,R1251,d7
R1251TS286_5o, d7 c7 c2 c2 c2 c2 c2 c2 c2 , 0.001038 0.001080 0.000006 0.001033 0.001082 0.001124 0.001124 0.001082 0.001033,R1251,d7
R1251TS294_4o, d7 c7 c3 c2 c2 c2 c2 c2 c2 c2 , 0.000890 0.000915 44.535788 0.000501 0.000857 0.000853 0.000965 0.000922 0.000918 0.000964,R1251,d7
R1251TS481_1o, d7 c7 c3 c2 c2 c2 c2 c2 c2 c2 , 0.855130 0.890048 36.411013 0.505652 0.911122 1.136135 1.136120 0.911081 0.505592 0.000553,R1251,d7
R1254TS183_2o, d7 c7 c2 c2 c2 c2 c2 c2 c2 , 8.659031 9.012572 9.251783 8.680284 9.120509 8.889050 9.749001 1.202662 8.228959,R1254,d7
R1254TS183_3o, d7 c7 c2 c2 c2 c2 c2 c2 c2 , 8.248281 8.584893 8.932867 8.511485 8.169070 8.065908 9.140205 2.185443 8.359368,R1254,d7
R1254TS189_4o, d7 c7 c2 c2 c2 c2 c2 c2 c2 , 8.325312 8.663796 5.763487 9.261111 7.434668 7.366161 7.519658 8.578715 9.591038,R1254,d7
R1254TS286_1o, d7 c7 c2 c2 c2 c2 c2 c2 c2 , 4.500865 4.684649 0.000005 4.365452 4.365452 4.877926 4.794303 4.794303 4.877926,R1254,d7
R1254TS286_2o, d7 c7 c3 c2 c2 c2 c2 c2 c2 c2 , 9.447734 9.833513 20.182241 0.000005 10.217148 10.575195 8.594485 10.575195 10.217148 8.594485,R1254,d7
R1254TS286_3o, d7 c7 c3 c2 c2 c2 c2 c2 c2 c2 , 3.613448 3.760996 20.154697 0.000004 3.483463 3.995130 3.786763 3.786763 3.995130 3.483463,R1254,d7
R1254TS294_1o, d7 c7 c3 c2 c2 c2 c2 c2 c2 c2 , 5.482827 0.006710 35.920130 7.471832 7.471833 7.471833 7.471832 7.471829 7.471832 7.471832,R1254,d7
R1254TS294_2o, d7 c7 c3 c2 c2 c2 c2 c2 c2 c2 , 4.545343 0.007286 39.130524 6.194254 6.194256 6.194256 6.194256 6.194256 6.194254 6.194251,R1254,d7
R1254TS338_2o, d7 c7 c3 c2 c2 c2 c2 c2 c2 c2 , 9.813930 10.214366 25.614253 4.039882 9.238939 10.341478 10.093413 10.322898 10.800178 9.608876,R1254,d7
R1254TS338_4o, d7 c7 c3 c2 c2 c2 c2 c2 c2 c2 , 5.599773 5.828186 24.480883 3.348932 5.674235 6.492381 6.419051 5.804593 5.007355 4.277771,R1254,d7
R1254TS481_3o, d7 c7 c3 c2 c2 c2 c2 c2 c2 c2 , 1.023574 1.065370 49.947832 0.001078 0.605173 1.090538 1.359912 1.359932 1.090593 0.605254,R1254,d7
R1254TS481_4o, d7 c7 c2 c2 c2 c2 c2 c2 c2 , 4.166617 4.336750 0.364458 3.599727 4.498647 5.046273 4.955275 4.265208 3.362064,R1254,d7
